date,ticker,breach_day,worst_rank_after,post_missing_rank,bucket,reentry_50,days_to_reentry_50,reentry_25,days_to_reentry_25,reentry_10,days_to_reentry_10,post_breach_ret,post_reentry50_ret
2025-07-09,LVS,5,395.0,False,D_gt250,True,12.0,False,,False,,0.07328990228013033,0.008802143130501427
2025-07-09,NKE,3,438.0,False,D_gt250,True,10.0,False,,False,,0.04470588235294115,-0.04745078243311451
2025-07-09,RCL,7,467.0,False,D_gt250,False,,False,,False,,-0.10305626963724657,
2025-07-09,WYNN,6,411.0,False,D_gt250,False,,False,,False,,-0.020376461988304118,
2025-07-10,LUV,10,495.0,False,D_gt250,False,,False,,False,,-0.11124473842453397,
2025-07-10,NCLH,10,233.0,False,C_151-250,True,5.0,False,,False,,0.04127659574468079,-0.04264475743348983
2025-07-10,NKE,2,438.0,False,D_gt250,True,10.0,False,,False,,0.02906574394463668,-0.06171125694093893
2025-07-10,RCL,6,467.0,False,D_gt250,False,,False,,False,,-0.11516709511568135,
2025-07-10,UAL,10,446.0,False,D_gt250,False,,False,,False,,-0.019502953304357473,
2025-07-10,WYNN,5,411.0,False,D_gt250,False,,False,,False,,-0.020193713450292305,
2025-07-11,DAL,9,457.0,False,D_gt250,False,,False,,False,,-0.01955766770243106,
2025-07-11,LUV,9,495.0,False,D_gt250,False,,False,,False,,-0.10944076969332528,
2025-07-11,NCLH,9,233.0,False,C_151-250,True,5.0,False,,False,,0.02127659574468077,-0.06103286384976525
2025-07-11,NKE,1,438.0,False,D_gt250,True,10.0,False,,False,,0.026851211072664416,-0.06373043917213528
2025-07-11,WYNN,4,411.0,False,D_gt250,False,,False,,False,,-0.02768640350877194,
2025-07-14,DAL,8,457.0,False,D_gt250,False,,False,,False,,-0.02211661487845007,
2025-07-14,LUV,8,495.0,False,D_gt250,False,,False,,False,,-0.12627781118460613,
2025-07-14,LVS,2,395.0,False,D_gt250,True,12.0,False,,False,,0.07939739413680802,0.014542671259089257
2025-07-14,NCLH,8,233.0,False,C_151-250,True,5.0,False,,False,,0.009787234042553106,-0.07159624413145538
2025-07-14,TPR,11,266.0,False,D_gt250,False,,False,,False,,0.005214152700186103,
2025-07-14,WYNN,3,411.0,False,D_gt250,False,,False,,False,,-0.0074013157894736725,
2025-07-15,DAL,7,457.0,False,D_gt250,True,13.0,False,,False,,0.06817766404679215,0.0
2025-07-15,LUV,7,495.0,False,D_gt250,False,,False,,False,,-0.07636800962116652,
2025-07-15,LVS,1,395.0,False,D_gt250,True,12.0,False,,False,,0.09710912052117271,0.03119020283199392
2025-07-15,NCLH,7,233.0,False,C_151-250,True,5.0,False,,False,,0.03148936170212768,-0.05164319248826288
2025-07-15,ON,6,493.0,False,D_gt250,False,,False,,False,,-0.16104680422747863,
2025-07-15,TPR,10,266.0,False,D_gt250,False,,False,,False,,0.03221601489757919,
2025-07-15,WYNN,2,411.0,False,D_gt250,False,,False,,False,,0.02786915204678353,
2025-07-16,AMD,15,299.0,False,D_gt250,True,1.0,False,,False,,0.13057871505640017,0.0697215777262179
2025-07-16,DAL,6,457.0,False,D_gt250,True,13.0,False,,False,,0.08609029427892523,0.01676933607118425
2025-07-16,TPR,9,266.0,False,D_gt250,False,,False,,False,,0.05707635009310974,
2025-07-17,COHR,5,493.0,False,D_gt250,True,2.0,True,9.0,True,10.0,-0.07161669367909229,-0.12128475551294338
2025-07-17,GEV,3,447.0,False,D_gt250,True,1.0,True,1.0,True,1.0,0.1389460645913405,-0.005977457354975124
2025-07-17,TPR,8,487.0,False,D_gt250,False,,False,,False,,-0.10903165735567977,
2025-07-18,TPR,7,487.0,False,D_gt250,False,,False,,False,,-0.06201117318435767,
2025-07-21,AMD,12,321.0,False,D_gt250,True,1.0,False,,False,,0.07981853849926424,0.021693735498839795
2025-07-21,TPR,6,488.0,False,D_gt250,False,,False,,False,,-0.06973929236499077,
2025-07-21,UAL,3,446.0,False,D_gt250,True,13.0,True,15.0,True,16.0,0.140867045581188,0.03960597136183619
2025-07-22,DHI,1,174.0,False,C_151-250,True,3.0,True,4.0,True,7.0,0.1345751501653507,0.14986320109439144
2025-07-22,TPR,5,491.0,False,D_gt250,False,,False,,False,,-0.08826815642458108,
2025-07-23,GEV,10,488.0,False,D_gt250,False,,False,,False,,-0.0902264690391994,
2025-07-23,TEL,10,342.0,False,D_gt250,False,,False,,False,,0.007498125468632821,
2025-07-23,TPR,4,492.0,False,D_gt250,False,,False,,False,,-0.07942271880819363,
2025-07-24,BKR,9,445.0,False,D_gt250,False,,False,,False,,0.0006907667510938076,
2025-07-24,GEV,9,488.0,False,D_gt250,False,,False,,False,,-0.08810473252576922,
2025-07-25,DECK,4,460.0,False,D_gt250,False,,False,,False,,0.027597249693886994,
2025-07-25,FIX,10,412.0,False,D_gt250,False,,False,,False,,-0.003295940788712759,
2025-07-25,GEV,8,488.0,False,D_gt250,False,,False,,False,,-0.0864946204198328,
2025-07-25,TEL,8,342.0,False,D_gt250,False,,False,,False,,0.0247438140464884,
2025-07-28,BKR,7,445.0,False,D_gt250,False,,False,,False,,0.023025558369790478,
2025-07-28,FIX,9,412.0,False,D_gt250,False,,False,,False,,-0.0008384410778304874,
2025-07-28,GEV,7,489.0,False,D_gt250,False,,False,,False,,-0.09365736212474607,
2025-07-28,TEL,7,342.0,False,D_gt250,False,,False,,False,,0.02539365158710316,
2025-07-29,BKR,6,445.0,False,D_gt250,False,,False,,False,,0.02348606953718635,
2025-07-29,DECK,2,460.0,False,D_gt250,True,17.0,True,17.0,False,,0.07082980126212668,0.005839157745731294
2025-07-29,EME,8,440.0,False,D_gt250,False,,False,,False,,0.00100287923392961,
2025-07-29,FIX,8,412.0,False,D_gt250,False,,False,,False,,0.02259454145946571,
2025-07-29,TEL,6,342.0,False,D_gt250,False,,False,,False,,0.034291427143214204,
2025-07-30,BKR,5,445.0,False,D_gt250,False,,False,,False,,0.031084503799217122,
2025-07-30,FIX,7,412.0,False,D_gt250,False,,False,,False,,0.026121776338614566,
2025-07-30,GNRC,11,488.0,False,D_gt250,False,,False,,False,,-0.060210081921897696,
2025-07-30,TEL,5,342.0,False,D_gt250,False,,False,,False,,0.03759060234941258,
2025-07-31,EBAY,10,486.0,False,D_gt250,True,1.0,False,,False,,-0.05767668562144601,-0.0784508440913605
2025-07-31,FIX,6,412.0,False,D_gt250,False,,False,,False,,0.05529374349485372,
2025-07-31,GEV,4,489.0,False,D_gt250,False,,False,,False,,-0.04643743886840701,
2025-07-31,GLW,8,380.0,False,D_gt250,False,,False,,False,,0.048365019011406885,
2025-07-31,GNRC,10,488.0,False,D_gt250,False,,False,,False,,-0.06056189375282717,
2025-07-31,TEL,4,342.0,False,D_gt250,False,,False,,False,,0.03994001499625077,
2025-08-01,DHI,2,209.0,False,C_151-250,True,2.0,True,6.0,False,,0.09461990570302903,0.10130612775359027
2025-08-01,FIX,5,412.0,False,D_gt250,False,,False,,False,,0.016797733317913677,
2025-08-01,GEV,3,489.0,False,D_gt250,False,,False,,False,,-0.07761643217214642,
2025-08-01,GNRC,9,488.0,False,D_gt250,False,,False,,False,,-0.06895511886214001,
2025-08-04,DHI,1,209.0,False,C_151-250,True,2.0,True,6.0,False,,0.09965768907834383,0.10637468321528365
2025-08-04,FIX,4,412.0,False,D_gt250,False,,False,,False,,0.009902278246790797,
2025-08-04,GEV,2,489.0,False,D_gt250,False,,False,,False,,-0.1277104807764653,
2025-08-04,GNRC,8,488.0,False,D_gt250,False,,False,,False,,-0.09780368899834146,
2025-08-04,WSM,9,491.0,False,D_gt250,False,,False,,False,,-0.05545441125818029,
2025-08-05,FIX,3,412.0,False,D_gt250,False,,False,,False,,0.012909101422458713,
2025-08-05,GEV,1,489.0,False,D_gt250,False,,False,,False,,-0.13168309382288768,
2025-08-06,FIX,2,412.0,False,D_gt250,False,,False,,False,,0.04653347981959066,
2025-08-07,ANET,9,475.0,False,D_gt250,True,10.0,False,,False,,0.08655967140792575,0.011900545441666077
2025-08-07,FIX,1,412.0,False,D_gt250,False,,False,,False,,0.021033306349022673,
2025-08-07,GLW,3,380.0,False,D_gt250,True,15.0,True,15.0,False,,0.08273764258555127,0.026680126910873847
2025-08-08,ANET,8,475.0,False,D_gt250,True,10.0,False,,False,,0.06495778504601812,-0.00821704328115036
2025-08-08,APP,8,456.0,False,D_gt250,True,6.0,True,6.0,True,6.0,0.3265434793151947,0.13083204134366921
2025-08-08,EBAY,4,491.0,False,D_gt250,True,1.0,False,,False,,-0.05544272948822104,-0.07626613704071505
2025-08-08,GLW,2,380.0,False,D_gt250,True,15.0,True,15.0,False,,0.09733840304182517,0.04052494952408425
2025-08-11,ANET,7,475.0,False,D_gt250,True,10.0,False,,False,,0.07940975127405481,0.005241906920733896
2025-08-11,APP,7,456.0,False,D_gt250,True,6.0,True,6.0,True,6.0,0.3535331490372957,0.15383979328165376
2025-08-11,EBAY,3,491.0,False,D_gt250,True,1.0,False,,False,,-0.06123070674248576,-0.08192651439920551
2025-08-11,GLW,1,380.0,False,D_gt250,True,15.0,True,15.0,False,,0.10098859315589359,0.0439861551773868
2025-08-12,ANET,6,475.0,False,D_gt250,True,10.0,True,14.0,False,,0.14642123678405716,0.06764893390947102
2025-08-12,APP,6,456.0,False,D_gt250,True,6.0,True,6.0,True,6.0,0.375236432416703,0.17234108527131786
2025-08-12,EBAY,2,491.0,False,D_gt250,True,1.0,False,,False,,-0.07300974817221773,-0.09344587884806355
2025-08-13,CRH,6,360.0,False,D_gt250,False,,False,,False,,0.03386921965317913,
2025-08-13,LEN,10,264.0,False,D_gt250,True,6.0,False,,False,,0.05070126753168824,-0.012616295460952887
2025-08-14,CRH,5,360.0,False,D_gt250,False,,False,,False,,0.02411488439306364,
2025-08-14,EXPE,8,206.0,False,C_151-250,False,,False,,False,,0.04006927865936438,
2025-08-14,INTC,10,467.0,False,D_gt250,False,,False,,False,,-0.0340954673084638,
2025-08-14,LEN,9,264.0,False,D_gt250,True,6.0,False,,False,,0.029550738768469254,-0.03249224696926967
2025-08-14,MPWR,1,431.0,False,D_gt250,False,,False,,False,,0.009280433651554176,
2025-08-15,ANET,3,475.0,False,D_gt250,True,10.0,True,14.0,False,,0.10618392028599688,0.030176383084224767
2025-08-15,CRH,4,360.0,False,D_gt250,False,,False,,False,,0.02276011560693636,
2025-08-15,DAL,7,444.0,False,D_gt250,False,,False,,False,,-0.044644317252657384,
2025-08-15,UAL,7,240.0,False,C_151-250,True,7.0,False,,False,,0.004033419763756818,-0.019138755980861344
2025-08-15,UNH,10,286.0,False,D_gt250,True,6.0,True,6.0,True,9.0,0.12269661470939419,-8.622671878599775e-05
2025-08-18,ANET,2,475.0,False,D_gt250,True,10.0,True,14.0,False,,0.08131132577774403,0.007012821420981918
2025-08-18,DAL,6,455.0,False,D_gt250,False,,False,,False,,-0.053802125919869215,
2025-08-18,HUM,8,492.0,False,D_gt250,True,2.0,True,2.0,False,,-0.08583705394608743,-0.12171837708830546
2025-08-18,UAL,6,260.0,False,D_gt250,True,7.0,False,,False,,0.000672236627292877,-0.022422366075616873
2025-08-18,UNH,9,286.0,False,D_gt250,True,6.0,True,6.0,True,9.0,0.09652434892051498,-0.023396183030581885
2025-08-19,CRH,2,360.0,False,D_gt250,False,,False,,False,,0.0047868497109826436,
2025-08-19,DAL,5,455.0,False,D_gt250,False,,False,,False,,-0.03810302534750609,
2025-08-19,EXPE,5,206.0,False,C_151-250,True,13.0,False,,False,,0.054065440247156316,-0.01340694006309151
2025-08-19,UAL,5,290.0,False,D_gt250,True,7.0,False,,False,,0.013252664938058212,-0.010132282578102947
2025-08-19,UNH,8,286.0,False,D_gt250,True,6.0,True,6.0,True,9.0,0.10243005131184058,-0.01813635318464013
2025-08-20,CNC,6,398.0,False,D_gt250,True,7.0,True,8.0,True,9.0,0.1335447498238196,0.03573728267868659
2025-08-20,INTC,6,467.0,False,D_gt250,True,14.0,True,14.0,True,14.0,0.2262334536702768,0.0
2025-08-20,UNH,7,286.0,False,D_gt250,True,6.0,True,6.0,True,9.0,0.08051763642817944,-0.037652333869855226
2025-08-21,CI,2,434.0,False,D_gt250,True,1.0,False,,False,,-0.03457906636520802,-0.033164624400639275
2025-08-21,CNC,5,398.0,False,D_gt250,True,7.0,True,8.0,True,9.0,0.11945031712473586,0.022858982614294865
2025-08-21,HUM,5,496.0,False,D_gt250,True,2.0,True,2.0,False,,-0.1518345698076471,-0.1851254595884667
2025-08-21,UNH,6,286.0,False,D_gt250,True,6.0,True,6.0,True,9.0,0.08655242521057205,-0.032277535065532326
2025-08-22,CNC,4,398.0,False,D_gt250,True,7.0,True,8.0,True,9.0,0.15221987315010588,0.05280103026400518
2025-08-22,DAL,2,455.0,False,D_gt250,False,,False,,False,,-0.036958299264104655,
2025-08-22,RCL,10,490.0,False,D_gt250,False,,False,,False,,-0.0621546174443115,
2025-08-22,UAL,2,390.0,False,D_gt250,True,7.0,False,,False,,0.00048016901949488044,-0.022610000938174335
2025-08-22,UNH,5,286.0,False,D_gt250,True,6.0,True,6.0,True,9.0,0.10142963178106945,-0.0190273626120947
2025-08-25,CNC,3,398.0,False,D_gt250,True,7.0,True,8.0,True,9.0,0.15398167723749112,0.05441081777205414
2025-08-25,UAL,1,390.0,False,D_gt250,True,7.0,False,,False,,0.0,-0.023079088094568045
2025-08-25,UNH,4,286.0,False,D_gt250,True,6.0,True,6.0,True,9.0,0.12205118275405824,-0.0006610715106921683
2025-08-26,RCL,8,490.0,False,D_gt250,False,,False,,False,,-0.06844983763459245,
2025-08-26,SATS,16,492.0,False,D_gt250,True,1.0,False,,False,,0.02639707947205827,0.008693252380295169
2025-08-26,UNH,3,286.0,False,D_gt250,True,6.0,True,6.0,True,9.0,0.13534708103398208,0.011180731202575345
2025-08-27,RCL,7,490.0,False,D_gt250,False,,False,,False,,-0.07557112744260253,
2025-08-27,SATS,15,492.0,False,D_gt250,True,1.0,False,,False,,0.02695871946082562,0.009245204912377458
2025-08-27,UNH,2,286.0,False,D_gt250,True,6.0,True,6.0,True,9.0,0.1151773324297285,-0.006783168544493012
2025-08-28,RCL,6,490.0,False,D_gt250,False,,False,,False,,-0.068848629863841,
2025-08-28,UNH,1,363.0,False,D_gt250,True,6.0,True,6.0,True,9.0,0.11040113596024126,-0.01103702000459883
2025-08-28,WYNN,7,437.0,False,D_gt250,True,13.0,False,,False,,0.06156885340357232,0.0
2025-08-29,APA,5,403.0,False,D_gt250,True,2.0,True,11.0,False,,0.09344115004492348,0.04508372692142548
2025-08-29,RCL,5,490.0,False,D_gt250,False,,False,,False,,-0.06933287757078554,
2025-08-29,WYNN,6,437.0,False,D_gt250,True,13.0,False,,False,,0.09004856366779168,0.02682794448321313
2025-09-02,APA,4,403.0,False,D_gt250,True,2.0,True,11.0,False,,0.09074573225516613,0.04250751395448704
2025-09-02,LITE,16,483.0,False,D_gt250,False,,False,,False,,0.06520458265139117,
2025-09-02,MPC,7,206.0,False,C_151-250,True,9.0,True,10.0,False,,0.057210246283802446,-0.001864319005696502
2025-09-02,SATS,12,492.0,False,D_gt250,True,1.0,False,,False,,0.07217073855658529,0.053677383744997975
2025-09-02,VLO,7,109.0,False,B_101-150,True,9.0,True,9.0,True,11.0,0.08039850244304825,-0.003336650471228886
2025-09-02,WYNN,5,437.0,False,D_gt250,True,13.0,False,,False,,0.05580706230965515,-0.005427618826083447
2025-09-03,APA,3,403.0,False,D_gt250,True,2.0,True,11.0,False,,0.12578616352201255,0.07599828252468876
2025-09-03,SATS,11,492.0,False,D_gt250,True,1.0,False,,False,,0.11625947767481049,0.09700565751345391
2025-09-03,VLO,6,186.0,False,C_151-250,True,9.0,True,9.0,True,11.0,0.0639634494574528,-0.018497921910671566
2025-09-04,APA,2,403.0,False,D_gt250,True,2.0,True,11.0,False,,0.07277628032344996,0.025332760841562996
2025-09-04,CIEN,15,68.0,False,A_51-100,True,1.0,True,5.0,False,,0.1129255668149014,0.07560064820686252
2025-09-04,SATS,10,492.0,False,D_gt250,True,1.0,True,10.0,False,,0.10923897781522052,0.09010625086242574
2025-09-05,AVGO,10,490.0,False,D_gt250,False,,False,,False,,-0.019046790746216735,
2025-09-05,CIEN,14,68.0,False,A_51-100,True,1.0,True,5.0,False,,0.10410439600495747,0.06707531881913598
2025-09-05,LITE,13,483.0,False,D_gt250,False,,False,,False,,0.07240589198036007,
2025-09-05,SATS,9,492.0,False,D_gt250,True,1.0,True,10.0,False,,0.08284189834316202,0.06416448185456058
2025-09-08,AVGO,9,490.0,False,D_gt250,False,,False,,False,,-0.027396068881544555,
2025-09-08,LITE,12,483.0,False,D_gt250,False,,False,,False,,0.051391162029459814,
2025-09-08,STX,20,82.0,False,A_51-100,False,,False,,False,,0.0,
2025-09-09,APP,18,486.0,False,D_gt250,False,,False,,False,,-0.07456500087878604,
2025-09-09,AVGO,8,490.0,False,D_gt250,False,,False,,False,,-0.02472893836609258,
2025-09-09,GOOG,10,416.0,False,D_gt250,False,,False,,False,,-0.020646746453198084,
2025-09-09,GOOGL,10,422.0,False,D_gt250,False,,False,,False,,-0.023444329651116647,
2025-09-09,LITE,11,483.0,False,D_gt250,False,,False,,False,,0.028805237315875587,
2025-09-09,MU,13,254.0,False,D_gt250,True,3.0,True,3.0,True,5.0,0.18070833598270486,0.019434531979138026
2025-09-09,STX,19,320.0,False,D_gt250,False,,False,,False,,-0.07338467240456292,
2025-09-10,APP,17,486.0,False,D_gt250,False,,False,,False,,-0.07771398441619304,
2025-09-10,CIEN,11,68.0,False,A_51-100,True,1.0,True,5.0,False,,0.16395713348399799,0.1249207355738744
2025-09-10,GOOGL,9,422.0,False,D_gt250,False,,False,,False,,-0.027974250973535675,
2025-09-10,SATS,6,492.0,False,D_gt250,True,1.0,True,10.0,False,,0.07062622858747547,0.05215951428177168
2025-09-11,CIEN,10,68.0,False,A_51-100,True,1.0,True,5.0,True,10.0,0.19275351753298842,0.15275135630240255
2025-09-11,CNC,8,136.0,False,B_101-150,True,1.0,True,1.0,True,5.0,0.15511450381679381,0.09177489177489173
2025-09-11,SATS,5,492.0,False,D_gt250,True,1.0,True,10.0,False,,0.07413647851727045,0.055609217607285766
2025-09-12,LITE,8,483.0,False,D_gt250,False,,False,,False,,-0.02055646481178386,
2025-09-15,CIEN,8,68.0,False,A_51-100,True,1.0,True,5.0,True,10.0,0.20128307939053736,0.16099485661946034
2025-09-15,TSLA,11,390.0,False,D_gt250,False,,False,,False,,-0.01983270372369139,
2025-09-16,CIEN,7,68.0,False,A_51-100,True,1.0,True,5.0,True,10.0,0.20157468834293213,0.16127668569012887
2025-09-16,LITE,6,483.0,False,D_gt250,False,,False,,False,,0.026382978723404227,
2025-09-16,LRCX,15,91.0,False,A_51-100,True,1.0,False,,False,,-0.0145350908443177,-0.029675880454609116
2025-09-16,MU,8,254.0,False,D_gt250,True,3.0,True,3.0,True,5.0,0.18941946970178658,0.026955805654680143
2025-09-16,STX,14,489.0,False,D_gt250,False,,False,,False,,-0.12848494831775326,
2025-09-16,TSLA,10,390.0,False,D_gt250,False,,False,,False,,-0.03480841878035623,
2025-09-16,WDC,19,456.0,False,D_gt250,False,,False,,False,,-0.04820797576981328,
2025-09-17,CIEN,6,68.0,False,A_51-100,True,1.0,True,5.0,True,10.0,0.2299336589633303,0.1886845628126541
2025-09-17,LITE,5,483.0,False,D_gt250,False,,False,,False,,0.025008183306055587,
2025-09-17,LRCX,14,140.0,False,B_101-150,True,1.0,False,,False,,0.03156394727467049,0.015714887049249393
2025-09-17,MU,7,254.0,False,D_gt250,True,3.0,True,3.0,True,5.0,0.22044890951866214,0.05374691188580827
2025-09-17,STX,13,497.0,False,D_gt250,False,,False,,False,,-0.09656961660420882,
2025-09-18,AMAT,13,95.0,False,A_51-100,True,2.0,False,,False,,0.07638494989601052,0.033681343622333104
2025-09-18,APP,11,497.0,False,D_gt250,False,,False,,False,,-0.11289472142480528,
2025-09-18,CRWD,10,385.0,False,D_gt250,False,,False,,False,,-0.029327697262479857,
2025-09-18,INTC,16,207.0,False,C_151-250,True,1.0,False,,False,,0.012922738520759092,-0.010209564750134237
2025-09-18,LITE,4,483.0,False,D_gt250,False,,False,,False,,0.06860883797054007,
2025-09-18,LRCX,13,287.0,False,D_gt250,True,1.0,False,,False,,0.014392589953687196,-0.0011926476778447714
2025-09-18,MU,6,254.0,False,D_gt250,True,3.0,True,3.0,True,5.0,0.28778533731798817,0.11188580839967055
2025-09-18,TSLA,8,438.0,False,D_gt250,False,,False,,False,,-0.03591023565389462,
2025-09-19,APP,10,497.0,False,D_gt250,False,,False,,False,,-0.12222450055656464,
2025-09-19,CRWD,9,385.0,False,D_gt250,False,,False,,False,,-0.024456521739130488,
2025-09-19,HOOD,1,494.0,False,D_gt250,True,2.0,True,2.0,True,5.0,0.04019537192729605,0.02452681388012623
2025-09-19,INTC,15,207.0,False,C_151-250,True,1.0,False,,False,,0.017596920538905714,-0.005642127888232151
2025-09-19,LRCX,12,299.0,False,D_gt250,True,1.0,False,,False,,0.008265051656572764,-0.007226041812824491
2025-09-19,MU,5,254.0,False,D_gt250,True,3.0,True,3.0,True,5.0,0.2868315635531251,0.11106231128191046
2025-09-19,TSLA,7,438.0,False,D_gt250,False,,False,,False,,-0.012164957726209846,
2025-09-22,AMAT,11,117.0,False,B_101-150,True,2.0,False,,False,,0.07832293439213456,0.03554244212437574
2025-09-22,KLAC,9,431.0,False,D_gt250,False,,False,,False,,0.04659797557986489,
2025-09-22,LRCX,11,367.0,False,D_gt250,True,1.0,False,,False,,0.02636266476665483,0.010593517609092329
2025-09-22,MU,4,254.0,False,D_gt250,True,3.0,True,3.0,True,5.0,0.31474534240478147,0.13516332692835586
2025-09-22,STX,10,497.0,False,D_gt250,False,,False,,False,,-0.1170777910472347,
2025-09-22,VRT,2,122.0,False,B_101-150,True,4.0,True,4.0,True,5.0,0.2408558113260837,0.16485483229484266
2025-09-22,WDC,15,467.0,False,D_gt250,False,,False,,False,,0.022463402322059567,
2025-09-23,AMAT,10,117.0,False,B_101-150,True,2.0,False,,False,,0.06825486859519758,0.02587380844303211
2025-09-23,INTC,13,207.0,False,C_151-250,True,1.0,False,,False,,0.0481165795985703,0.024180548092423315
2025-09-23,KLAC,8,431.0,False,D_gt250,True,12.0,False,,False,,0.0416504017066861,0.0
2025-09-23,LRCX,10,367.0,False,D_gt250,True,1.0,False,,False,,0.033416458852867814,0.01753893643889426
2025-09-23,MU,3,254.0,False,D_gt250,True,3.0,True,3.0,True,5.0,0.28625929929420724,0.11056821301125441
2025-09-23,STX,9,497.0,False,D_gt250,False,,False,,False,,-0.11637771280319575,
2025-09-23,TER,10,450.0,False,D_gt250,True,1.0,False,,False,,0.02276295133438011,-0.008782849239280632
2025-09-24,AMAT,9,142.0,False,B_101-150,True,2.0,False,,False,,0.04254112308564939,0.0011802088061734217
2025-09-24,INTC,12,287.0,False,D_gt250,True,1.0,False,,False,,0.015122353588122195,-0.008060182697474438
2025-09-24,KLAC,7,431.0,False,D_gt250,True,12.0,False,,False,,0.011592755662475529,-0.028855790767192913
2025-09-24,LRCX,9,367.0,False,D_gt250,True,1.0,False,,False,,0.006412540078375439,-0.009050091202469468
2025-09-24,MU,2,254.0,False,D_gt250,True,3.0,True,3.0,True,5.0,0.26196986074903017,0.08959648641229756
2025-09-24,STX,8,497.0,False,D_gt250,False,,False,,False,,-0.1144010212906148,
2025-09-24,TSLA,4,438.0,False,D_gt250,False,,False,,False,,-0.012929483720093504,
2025-09-24,WDC,13,467.0,False,D_gt250,False,,False,,False,,0.013545347467609048,
2025-09-25,AAPL,3,332.0,False,D_gt250,True,2.0,False,,False,,0.019439971723677507,0.009528254190487306
2025-09-25,AMAT,8,142.0,False,B_101-150,True,2.0,False,,False,,0.07993004348648136,0.03708579210167939
2025-09-25,APP,6,497.0,False,D_gt250,False,,False,,False,,-0.1362997246470209,
2025-09-25,INTC,11,287.0,False,D_gt250,True,1.0,False,,False,,0.04921638713225174,0.02525523911875327
2025-09-25,STX,7,497.0,False,D_gt250,False,,False,,False,,-0.06761932215953559,
2025-09-25,TER,8,450.0,False,D_gt250,True,1.0,False,,False,,0.034965034965035,0.003042876901798053
2025-09-25,TSLA,3,438.0,False,D_gt250,False,,False,,False,,0.009579060982191079,
2025-09-25,WDC,12,467.0,False,D_gt250,False,,False,,False,,0.05771495877502941,
2025-09-26,AMAT,7,142.0,False,B_101-150,True,2.0,False,,False,,0.0812535450935905,0.03835678620063554
2025-09-26,APP,5,497.0,False,D_gt250,False,,False,,False,,-0.09192102642216882,
2025-09-26,HAL,6,488.0,False,D_gt250,True,12.0,True,12.0,True,12.0,0.08990147783251246,0.009122006841505215
2025-09-26,IBM,6,426.0,False,D_gt250,True,1.0,False,,False,,0.06233155967106607,0.04624493823799636
2025-09-26,INTC,10,287.0,False,D_gt250,True,1.0,False,,False,,0.052515809733296726,0.028479312197743134
2025-09-26,TER,7,450.0,False,D_gt250,True,1.0,False,,False,,0.02954188668474389,-0.0022130013831258566
2025-09-26,VLO,2,480.0,False,D_gt250,True,17.0,False,,False,,0.0046399624104311865,-0.012014093455784525
2025-09-29,AMAT,6,142.0,False,B_101-150,True,2.0,False,,False,,0.09344866704481003,0.05006808896958703
2025-09-29,HAL,5,488.0,False,D_gt250,True,12.0,True,12.0,True,12.0,0.10016420361247946,0.01862409730140646
2025-09-29,INTC,9,287.0,False,D_gt250,True,1.0,False,,False,,0.08715974704426732,0.06233207952713604
2025-09-29,TER,6,450.0,False,D_gt250,True,1.0,False,,False,,0.052518909661766866,0.020055325034578297
2025-09-29,WDC,10,467.0,False,D_gt250,True,9.0,False,,False,,0.06570755510684845,-0.021324267944062503
2025-09-30,AMAT,5,142.0,False,B_101-150,True,2.0,False,,False,,0.07600680657969372,0.03331820245120287
2025-09-30,CNC,8,492.0,False,D_gt250,False,,False,,False,,-0.07186800894854584,
2025-09-30,ES,4,249.0,False,C_151-250,False,,False,,False,,0.029986244841815557,
2025-09-30,INTC,8,287.0,False,D_gt250,True,1.0,True,12.0,False,,0.14187517184492715,0.11579795808705007
2025-09-30,TER,5,450.0,False,D_gt250,True,1.0,False,,False,,0.030255458826887516,-0.0015214384508990264
2025-09-30,WDC,9,467.0,False,D_gt250,True,9.0,False,,False,,0.05098435133770818,-0.0348450900100441
2025-10-01,AMAT,4,142.0,False,B_101-150,True,2.0,False,,False,,0.11434108527131781,0.07013163867453476
2025-10-01,INTC,7,287.0,False,D_gt250,True,1.0,True,12.0,False,,0.1366510860599397,0.1106931757119829
2025-10-01,LRCX,4,367.0,False,D_gt250,True,1.0,True,13.0,False,,0.14478090488065543,0.1271923670548618
2025-10-01,SMCI,10,497.0,False,D_gt250,False,,False,,False,,-0.023173896922506487,
2025-10-01,STX,3,497.0,False,D_gt250,True,17.0,True,17.0,True,17.0,0.09385166577440995,0.0
2025-10-01,TER,4,450.0,False,D_gt250,True,1.0,True,16.0,True,16.0,0.2411873840445271,0.20290456431535264
2025-10-01,VRT,3,99.0,False,A_51-100,True,1.0,True,1.0,True,3.0,0.22401719901719908,0.2542959652546106
2025-10-01,WDC,8,467.0,False,D_gt250,True,9.0,True,12.0,False,,0.18946659936059218,0.09232789925056006
2025-10-02,AMAT,3,180.0,False,C_151-250,True,2.0,False,,False,,0.09921535261864256,0.05560599182932369
2025-10-02,INTC,6,287.0,False,D_gt250,True,1.0,True,12.0,False,,0.1042067638163322,0.0789897904352499
2025-10-02,LRCX,3,367.0,False,D_gt250,True,1.0,True,13.0,False,,0.1472034200213752,0.12957766241055135
2025-10-02,STX,2,497.0,False,D_gt250,True,17.0,True,17.0,True,17.0,0.10501173660585583,0.01020254498908213
2025-10-02,TER,3,450.0,False,D_gt250,True,1.0,True,16.0,True,16.0,0.26216640502354793,0.22323651452282167
2025-10-02,WDC,7,467.0,False,D_gt250,True,9.0,True,12.0,False,,0.1621235066464748,0.06721780112802267
2025-10-03,CNC,5,492.0,False,D_gt250,False,,False,,False,,-0.01090604026845643,
2025-10-03,INTC,5,287.0,False,D_gt250,True,1.0,True,12.0,False,,0.09953258179818536,0.0744223535733477
2025-10-03,MU,13,168.0,False,C_151-250,True,1.0,True,2.0,True,2.0,0.1274751851665239,0.08253108219244343
2025-10-03,TER,2,450.0,False,D_gt250,True,1.0,True,16.0,True,16.0,0.2969887255601542,0.256984785615491
2025-10-03,WDC,6,467.0,False,D_gt250,True,9.0,True,12.0,True,14.0,0.2637556789500253,0.1605501043034845
2025-10-06,AMD,12,333.0,False,D_gt250,True,2.0,True,2.0,True,3.0,0.12778525822004072,0.026609204491538696
2025-10-06,INTC,4,287.0,False,D_gt250,True,1.0,True,12.0,False,,0.08605993951058566,0.06125738850080609
2025-10-06,MU,12,168.0,False,C_151-250,True,1.0,True,2.0,True,2.0,0.18254648057640943,0.13540709206134194
2025-10-06,SMCI,7,497.0,False,D_gt250,False,,False,,False,,-0.05913978494623651,
2025-10-07,AMD,11,333.0,False,D_gt250,True,2.0,True,2.0,True,3.0,0.0860878252182602,-0.011347461647951862
2025-10-07,CNC,3,492.0,False,D_gt250,False,,False,,False,,0.00978747203579422,
2025-10-07,INTC,3,287.0,False,D_gt250,True,1.0,True,12.0,False,,0.018146824305746545,-0.005104782375067063
2025-10-07,NEE,9,395.0,False,D_gt250,False,,False,,False,,-0.03633360858794388,
2025-10-07,SMCI,6,497.0,False,D_gt250,False,,False,,False,,-0.12124582869855394,
2025-10-08,AMD,10,333.0,False,D_gt250,True,2.0,True,2.0,True,3.0,0.11336489597359156,0.013482524118298311
2025-10-08,DELL,5,482.0,False,D_gt250,True,2.0,True,2.0,False,,-0.008392973324658382,0.018851527508523258
2025-10-08,INTC,2,287.0,False,D_gt250,True,1.0,True,12.0,False,,0.05526532856750088,0.03116603976356802
2025-10-08,MU,10,168.0,False,C_151-250,True,1.0,True,2.0,True,2.0,0.1966544062074873,0.14895263896279798
2025-10-08,SMCI,5,497.0,False,D_gt250,False,,False,,False,,-0.2208008898776418,
2025-10-09,AMD,9,333.0,False,D_gt250,True,2.0,True,2.0,True,3.0,0.03244581505451061,-0.06017713110865097
2025-10-09,LLY,4,454.0,False,D_gt250,True,13.0,True,14.0,False,,0.13413262034673412,0.045631490301495825
2025-10-09,MU,9,168.0,False,C_151-250,True,1.0,True,2.0,True,2.0,0.20083639844812828,0.15296792608001542
2025-10-09,SMCI,4,497.0,False,D_gt250,False,,False,,False,,-0.2521319985168705,
2025-10-09,VRT,9,164.0,False,C_151-250,True,1.0,False,,False,,0.06661227344250831,-0.0009825327510916138
2025-10-10,AMD,8,416.0,False,D_gt250,True,2.0,True,2.0,True,3.0,0.01437692742040575,-0.07662501976909697
2025-10-10,DELL,3,482.0,False,D_gt250,True,2.0,True,2.0,False,,-0.045543266102797686,-0.01931947322682004
2025-10-10,LLY,3,454.0,False,D_gt250,True,13.0,True,14.0,False,,0.1183202874529683,0.031053060131841725
2025-10-10,MU,8,168.0,False,C_151-250,True,1.0,True,2.0,True,2.0,0.19877059505214878,0.15098447099801637
2025-10-10,SMCI,3,497.0,False,D_gt250,False,,False,,False,,-0.2628846866889136,
2025-10-10,VRT,8,314.0,False,D_gt250,True,1.0,False,,False,,0.04784661110787347,-0.018558951965065407
2025-10-13,AMD,7,416.0,False,D_gt250,True,2.0,True,2.0,True,3.0,0.05972288580984242,-0.0353471453424008
2025-10-13,CRL,2,475.0,False,D_gt250,True,3.0,True,4.0,True,4.0,-0.010250702905342135,-0.08238296947974366
2025-10-13,DELL,2,482.0,False,D_gt250,True,2.0,True,2.0,False,,-0.0716330513988288,-0.04612607794638679
2025-10-13,MU,7,168.0,False,C_151-250,True,1.0,True,2.0,True,2.0,0.27626341512571173,0.22538822504958644
2025-10-13,SMCI,2,497.0,False,D_gt250,False,,False,,False,,-0.25491286614757136,
2025-10-13,VRT,7,314.0,False,D_gt250,True,1.0,False,,False,,0.09470248849000518,0.02532751091703056
2025-10-14,AMD,6,434.0,False,D_gt250,True,2.0,True,2.0,True,3.0,0.031663988185727465,-0.06088881859876627
2025-10-14,CEG,4,446.0,False,D_gt250,False,,False,,False,,-0.04954054054054047,
2025-10-14,MU,6,168.0,False,C_151-250,True,1.0,True,2.0,True,2.0,0.21484355318184112,0.16641671907503275
2025-10-14,NEE,4,395.0,False,D_gt250,False,,False,,False,,0.011678659903267663,
2025-10-14,SMCI,1,497.0,False,D_gt250,False,,False,,False,,-0.28031145717463846,
2025-10-14,VRT,6,412.0,False,D_gt250,True,1.0,False,,False,,0.04347572702371938,-0.02265283842794752
2025-10-15,AMD,5,434.0,False,D_gt250,True,2.0,True,2.0,True,3.0,0.12448421144073318,0.023604301755495882
2025-10-15,CAT,5,366.0,False,D_gt250,True,5.0,False,,False,,0.11502013971317937,-0.02129839963107827
2025-10-15,CEG,3,476.0,False,D_gt250,False,,False,,False,,-0.04318918918918924,
2025-10-15,GNRC,9,491.0,False,D_gt250,False,,False,,False,,-0.14583223770707343,
2025-10-15,UAL,1,477.0,False,D_gt250,True,1.0,False,,False,,0.01812811895305022,0.008371999193060198
2025-10-15,VRT,5,482.0,False,D_gt250,True,1.0,False,,False,,0.010373564893058962,-0.05365720524017459
2025-10-16,AMD,4,434.0,False,D_gt250,True,2.0,True,2.0,True,3.0,0.07700994657516413,-0.0196109441720701
2025-10-16,BG,9,334.0,False,D_gt250,False,,False,,False,,0.008324661810614087,
2025-10-16,CAT,4,419.0,False,D_gt250,True,5.0,False,,False,,0.07713412854390844,-0.05455259697005932
2025-10-16,CEG,2,480.0,False,D_gt250,False,,False,,False,,-0.09259459459459451,
2025-10-16,JBHT,10,308.0,False,D_gt250,False,,False,,False,,-0.0019803168506959956,
2025-10-16,MPWR,4,486.0,False,D_gt250,True,1.0,True,1.0,False,,-0.07700219692430599,-0.13682293612252516
2025-10-16,MU,4,168.0,False,C_151-250,True,1.0,True,2.0,True,2.0,0.19388320652995406,0.1462919065357262
2025-10-17,AMD,3,434.0,False,D_gt250,True,2.0,True,2.0,True,3.0,0.07201494158015898,-0.024157836470030003
2025-10-17,GILD,3,313.0,False,D_gt250,False,,False,,False,,0.029310060925407555,
2025-10-17,JBHT,9,372.0,False,D_gt250,False,,False,,False,,-0.02298367738838203,
2025-10-17,KDP,5,444.0,False,D_gt250,True,1.0,False,,False,,-0.0011045655375552244,-0.07184399589462886
2025-10-17,MPWR,3,486.0,False,D_gt250,True,1.0,True,1.0,False,,-0.08109646494907119,-0.14065184908479633
2025-10-17,VRT,3,488.0,False,D_gt250,True,1.0,False,,False,,-0.003613264176234088,-0.06675764192139733
2025-10-20,AMD,2,434.0,False,D_gt250,True,2.0,True,2.0,True,3.0,0.04469443599878398,-0.049027360430175415
2025-10-20,BG,7,334.0,False,D_gt250,False,,False,,False,,-0.022164412070759587,
2025-10-20,KDP,4,444.0,False,D_gt250,True,1.0,False,,False,,-0.007363770250368162,-0.07765993841943208
2025-10-20,ON,2,467.0,False,D_gt250,True,2.0,False,,False,,-0.1138070479491623,-0.09248668901597312
2025-10-20,PEP,3,407.0,False,D_gt250,False,,False,,False,,-0.024288825820077742,
2025-10-21,AMD,1,452.0,False,D_gt250,True,2.0,True,2.0,True,3.0,0.00026060895626112135,-0.08947493278507035
2025-10-21,CRL,6,475.0,False,D_gt250,False,,False,,False,,-0.09780738273660838,
2025-10-21,DAL,2,454.0,False,D_gt250,False,,False,,False,,-0.0279053939084567,
2025-10-21,GM,10,229.0,False,C_151-250,False,,False,,False,,0.01585165245999698,
2025-10-21,ON,1,467.0,False,D_gt250,True,2.0,False,,False,,-0.12266512613133063,-0.10155787813054618
2025-10-22,GM,9,229.0,False,C_151-250,False,,False,,False,,0.024375654254523704,
2025-10-22,ISRG,10,197.0,False,C_151-250,False,,False,,False,,0.0293318749430318,
2025-10-22,PEP,1,407.0,False,D_gt250,False,,False,,False,,-0.029040987393571194,
2025-10-23,GM,8,238.0,False,C_151-250,False,,False,,False,,0.01749663526244949,
2025-10-23,ISRG,9,197.0,False,C_151-250,False,,False,,False,,0.006708595387840743,
2025-10-23,WST,3,465.0,False,D_gt250,False,,False,,False,,-0.09072630427881068,
2025-10-24,FIX,10,437.0,False,D_gt250,False,,False,,False,,-0.0640453907836609,
2025-10-24,ISRG,8,212.0,False,C_151-250,False,,False,,False,,0.023808221675325925,
2025-10-24,KLAC,6,449.0,False,D_gt250,True,2.0,False,,False,,-0.10008694653608297,-0.10592453752750386
2025-10-24,MU,13,486.0,False,D_gt250,True,2.0,True,2.0,False,,-0.15324622294814205,-0.15986711501843376
2025-10-27,AMD,3,481.0,False,D_gt250,True,1.0,False,,False,,-0.15613718411552346,-0.1603545213181321
2025-10-27,ISRG,7,284.0,False,D_gt250,False,,False,,False,,0.03633214839121335,
2025-10-27,KLAC,5,449.0,False,D_gt250,True,2.0,False,,False,,-0.06759683055268473,-0.07364517969195661
2025-10-27,LITE,18,292.0,False,D_gt250,True,1.0,True,2.0,True,2.0,0.2834848225004287,0.17125083140967967
2025-10-28,AMD,2,488.0,False,D_gt250,True,1.0,False,,False,,-0.19113953853398213,-0.19518194596283
2025-10-28,FIX,8,437.0,False,D_gt250,False,,False,,False,,0.001863367041433639,
2025-10-28,GM,5,255.0,False,D_gt250,False,,False,,False,,0.08838043965903997,
2025-10-28,HAL,6,472.0,False,D_gt250,False,,False,,False,,-0.05202952029520291,
2025-10-28,ISRG,6,284.0,False,D_gt250,False,,False,,False,,0.05527299243460049,
2025-10-28,LITE,17,292.0,False,D_gt250,True,1.0,True,2.0,True,2.0,0.24879951980792314,0.13959857584412516
2025-10-28,MU,11,486.0,False,D_gt250,True,2.0,True,2.0,False,,-0.08317680685994289,-0.09034558197950016
2025-10-29,COHR,11,485.0,False,D_gt250,True,3.0,False,,False,,0.10023576480674423,0.11473036554469784
2025-10-29,FIX,7,437.0,False,D_gt250,False,,False,,False,,0.01642484768544694,
2025-10-29,GM,4,255.0,False,D_gt250,False,,False,,False,,0.088829071332436,
2025-10-29,HAL,5,472.0,False,D_gt250,False,,False,,False,,-0.04833948339483407,
2025-10-29,LITE,16,292.0,False,D_gt250,True,1.0,True,2.0,True,2.0,0.32172869147659044,0.20615047537071085
2025-10-29,STX,10,487.0,False,D_gt250,False,,False,,False,,-0.038762973946197876,
2025-10-29,TER,10,487.0,False,D_gt250,False,,False,,False,,0.0006135995983711506,
2025-10-30,GM,3,255.0,False,D_gt250,False,,False,,False,,0.09944668760281128,
2025-10-30,HAL,4,472.0,False,D_gt250,False,,False,,False,,-0.03247232472324735,
2025-10-30,LITE,15,292.0,False,D_gt250,True,1.0,True,2.0,True,2.0,0.39410049734179387,0.2721937477992098
2025-10-30,STX,9,487.0,False,D_gt250,False,,False,,False,,-0.023194238508790432,
2025-10-30,TER,9,487.0,False,D_gt250,True,11.0,False,,False,,0.01461482679756787,0.0
2025-10-31,GM,2,255.0,False,D_gt250,False,,False,,False,,0.09092268580828478,
2025-10-31,HAL,3,472.0,False,D_gt250,False,,False,,False,,-0.017343173431734416,
2025-10-31,LITE,14,292.0,False,D_gt250,True,1.0,True,2.0,True,2.0,0.36310238381066706,0.24390625611330652
2025-10-31,TER,8,487.0,False,D_gt250,True,11.0,False,,False,,0.0020081441401238465,-0.012425092088624967
2025-10-31,WDC,10,486.0,False,D_gt250,False,,False,,False,,0.03617816638154969,
2025-11-03,HAL,2,472.0,False,D_gt250,False,,False,,False,,-0.007011070110701123,
2025-11-03,ISRG,2,284.0,False,D_gt250,False,,False,,False,,0.034946677604594134,
2025-11-03,LITE,13,292.0,False,D_gt250,True,1.0,True,2.0,True,2.0,0.2982764534385183,0.18474901208967487
2025-11-03,STX,7,487.0,False,D_gt250,False,,False,,False,,-0.05786203487961583,
2025-11-03,TER,7,487.0,False,D_gt250,True,11.0,True,13.0,False,,0.05951916104200361,0.04425751828027935
2025-11-03,WDC,9,486.0,False,D_gt250,False,,False,,False,,0.01368561110055122,
2025-11-04,CHRW,7,345.0,False,D_gt250,False,,False,,False,,0.05195832783858623,
2025-11-04,INCY,9,444.0,False,D_gt250,False,,False,,False,,-0.025631179802246384,
2025-11-04,ISRG,1,284.0,False,D_gt250,False,,False,,False,,0.038574423480084,
2025-11-04,LITE,12,292.0,False,D_gt250,True,1.0,True,2.0,True,2.0,0.29900531641227923,0.18541413983332689
2025-11-04,STX,6,487.0,False,D_gt250,False,,False,,False,,-0.08681070394690382,
2025-11-04,TER,6,487.0,False,D_gt250,True,11.0,True,13.0,False,,0.0881909968204384,0.07251635603936468
2025-11-04,WDC,8,486.0,False,D_gt250,False,,False,,False,,-0.01419248558575692,
2025-11-05,CAH,12,477.0,False,D_gt250,False,,False,,False,,-0.0491216345235822,
2025-11-05,CHRW,6,345.0,False,D_gt250,False,,False,,False,,0.04213372016352368,
2025-11-05,INCY,8,444.0,False,D_gt250,False,,False,,False,,-0.0356148603244697,
2025-11-05,LVS,8,291.0,False,D_gt250,True,1.0,False,,False,,0.023427866831073008,0.025007718431614867
2025-11-05,TER,5,487.0,False,D_gt250,True,11.0,True,13.0,False,,0.10799352931332629,0.09203364670954972
2025-11-06,CAH,11,481.0,False,D_gt250,False,,False,,False,,-0.05084017567309518,
2025-11-06,CHRW,5,345.0,False,D_gt250,False,,False,,False,,0.03666095212976406,
2025-11-06,COHR,5,485.0,False,D_gt250,True,3.0,True,10.0,True,10.0,0.2987783096377794,0.3158885269634455
2025-11-06,INCY,7,444.0,False,D_gt250,False,,False,,False,,-0.015839493136219684,
2025-11-07,CHRW,4,345.0,False,D_gt250,False,,False,,False,,0.011538968745878897,
2025-11-07,COHR,4,485.0,False,D_gt250,True,3.0,True,10.0,True,10.0,0.3278559691362435,0.3453492580528412
2025-11-07,TER,3,487.0,False,D_gt250,True,11.0,True,13.0,True,16.0,0.1323143861214926,0.11600417834955201
2025-11-10,CHRW,3,345.0,False,D_gt250,False,,False,,False,,0.005670578926546321,
2025-11-10,COHR,3,485.0,False,D_gt250,True,3.0,True,10.0,True,10.0,0.3769379152675574,0.39507781397032193
2025-11-10,LITE,8,292.0,False,D_gt250,True,1.0,True,2.0,True,2.0,0.5448893843251585,0.40979694041237913
2025-11-10,STX,2,487.0,False,D_gt250,True,16.0,True,17.0,False,,-0.001412130198404249,0.01459880196563712
2025-11-10,WDC,4,486.0,False,D_gt250,True,14.0,True,14.0,True,15.0,0.0741937527719696,0.00384865889040209
2025-11-11,CAH,8,481.0,False,D_gt250,False,,False,,False,,-0.05379988543059,
2025-11-11,INCY,4,494.0,False,D_gt250,False,,False,,False,,-0.08639723528847076,
2025-11-11,LITE,7,292.0,False,D_gt250,True,1.0,True,2.0,True,2.0,0.5691991082147143,0.431980906921241
2025-11-11,LLY,12,493.0,False,D_gt250,False,,False,,False,,-0.07608766399806599,
2025-11-11,STX,1,487.0,False,D_gt250,True,16.0,True,17.0,False,,0.055284897267528166,0.07220488539761116
2025-11-11,TER,1,487.0,False,D_gt250,True,11.0,True,13.0,True,16.0,0.13800412785184357,0.12161196327450652
2025-11-11,WDC,3,486.0,False,D_gt250,True,14.0,True,14.0,True,15.0,0.15282265728948863,0.07732843862869321
2025-11-12,CAH,7,481.0,False,D_gt250,False,,False,,False,,-0.05327477563490546,
2025-11-12,CHRW,1,345.0,False,D_gt250,False,,False,,False,,0.0536726889094028,
2025-11-12,EXPD,4,221.0,False,C_151-250,True,5.0,False,,False,,0.09370309484668726,0.036861363328364316
2025-11-12,INCY,3,494.0,False,D_gt250,False,,False,,False,,-0.07746952097532889,
2025-11-12,LLY,11,493.0,False,D_gt250,False,,False,,False,,-0.06145220229295101,
2025-11-13,AMGN,7,481.0,False,D_gt250,False,,False,,False,,-0.049536344600658144,
2025-11-13,HSIC,3,327.0,False,D_gt250,False,,False,,False,,0.0751404494382022,
2025-11-13,LLY,10,493.0,False,D_gt250,False,,False,,False,,-0.04459445637721182,
2025-11-14,HSIC,2,327.0,False,D_gt250,False,,False,,False,,0.08693820224719095,
2025-11-14,LITE,4,292.0,False,D_gt250,True,1.0,True,2.0,True,2.0,0.43495969816498015,0.30948002660510965
2025-11-14,LLY,9,493.0,False,D_gt250,False,,False,,False,,-0.012348089672422291,
2025-11-17,AMGN,5,481.0,False,D_gt250,False,,False,,False,,-0.022614418187256957,
2025-11-17,LITE,3,292.0,False,D_gt250,True,1.0,True,2.0,True,2.0,0.3554707597324642,0.2369419773856567
2025-11-17,LLY,8,493.0,False,D_gt250,False,,False,,False,,-0.019693715305866277,
2025-11-17,MRK,10,475.0,False,D_gt250,False,,False,,False,,-0.02731861823220827,
2025-11-17,SOLV,11,461.0,False,D_gt250,False,,False,,False,,-0.05466275659824038,
2025-11-18,AMGN,4,481.0,False,D_gt250,False,,False,,False,,-0.02479808555189955,
2025-11-18,APA,2,474.0,False,D_gt250,True,9.0,False,,False,,0.05346449957228394,-0.0778734556345938
2025-11-18,BIIB,8,445.0,False,D_gt250,False,,False,,False,,-0.03194960062999219,
2025-11-18,LLY,7,493.0,False,D_gt250,False,,False,,False,,-0.0313165406752397,
2025-11-18,MRK,9,475.0,False,D_gt250,False,,False,,False,,-0.01831139265564674,
2025-11-18,REGN,9,489.0,False,D_gt250,False,,False,,False,,0.010498652291105026,
2025-11-19,APA,1,485.0,False,D_gt250,True,9.0,False,,False,,0.01839178785286566,-0.10857356795207795
2025-11-19,EPAM,2,182.0,False,C_151-250,True,7.0,True,14.0,False,,0.14388330202232313,0.03510000000000013
2025-11-19,LITE,1,292.0,False,D_gt250,True,1.0,True,2.0,True,2.0,0.4454210255530784,0.31902656598458456
2025-11-19,LLY,6,493.0,False,D_gt250,False,,False,,False,,-0.017285465889331997,
2025-11-19,MRK,8,475.0,False,D_gt250,False,,False,,False,,-0.0033653370286054196,
2025-11-20,JNJ,5,402.0,False,D_gt250,False,,False,,False,,-0.002658032089696394,
2025-11-20,LLY,5,493.0,False,D_gt250,False,,False,,False,,-0.003747198899085924,
2025-11-20,MNST,1,402.0,False,D_gt250,True,3.0,False,,False,,0.05857856746252077,0.01625799573560771
2025-11-20,MRK,7,475.0,False,D_gt250,False,,False,,False,,0.0005938830050480348,
2025-11-20,REGN,7,489.0,False,D_gt250,True,13.0,False,,False,,0.03498652291105131,0.0
2025-11-21,BIIB,5,454.0,False,D_gt250,False,,False,,False,,-0.017324783440207048,
2025-11-21,DXCM,3,216.0,False,C_151-250,True,2.0,False,,False,,0.07836238605469381,0.06155541561712852
2025-11-21,JNJ,4,402.0,False,D_gt250,False,,False,,False,,0.0019331142470520035,
2025-11-21,LLY,4,493.0,False,D_gt250,True,16.0,False,,False,,0.0009391242898453278,0.0
2025-11-21,MDT,6,448.0,False,D_gt250,False,,False,,False,,-0.04234048809173785,
2025-11-21,MRK,6,475.0,False,D_gt250,False,,False,,False,,0.036523804810452365,
2025-11-21,REGN,6,489.0,False,D_gt250,True,13.0,True,14.0,False,,0.05035040431266857,0.01484452315224738
2025-11-21,SOLV,7,461.0,False,D_gt250,False,,False,,False,,-0.05243401759530786,
2025-11-24,BIIB,4,454.0,False,D_gt250,False,,False,,False,,-0.016649791877601627,
2025-11-24,DXCM,2,294.0,False,D_gt250,True,2.0,False,,False,,0.06924676155445386,0.052581863979848764
2025-11-24,LLY,3,493.0,False,D_gt250,True,16.0,False,,False,,-0.003561233693175958,-0.004496135552913172
2025-11-24,MDT,5,448.0,False,D_gt250,False,,False,,False,,-0.04469273743016766,
2025-11-24,MRK,5,475.0,False,D_gt250,True,15.0,False,,False,,0.039691180837374995,0.0
2025-11-24,REGN,5,489.0,False,D_gt250,True,13.0,True,14.0,True,15.0,0.05818059299191369,0.02241002135527892
2025-11-24,SOLV,6,461.0,False,D_gt250,False,,False,,False,,-0.055131964809384204,
2025-11-25,BIIB,3,454.0,False,D_gt250,False,,False,,False,,-0.008156148048149348,
2025-11-25,LLY,2,493.0,False,D_gt250,True,16.0,False,,False,,0.0014040373046202426,0.0004644768133175159
2025-11-25,MRK,4,475.0,False,D_gt250,True,15.0,True,16.0,False,,0.05364743145600315,0.013423457730388444
2025-11-25,REGN,4,489.0,False,D_gt250,True,13.0,True,14.0,True,15.0,0.056212938005390845,0.0205088806708682
2025-11-25,RVTY,5,469.0,False,D_gt250,True,1.0,False,,False,,-0.06275421266705405,-0.05626523647001458
2025-11-25,SOLV,5,461.0,False,D_gt250,False,,False,,False,,-0.05947214076246321,
2025-11-26,BIIB,2,454.0,False,D_gt250,False,,False,,False,,-0.003937450781865137,
2025-11-26,MRK,3,475.0,False,D_gt250,True,15.0,True,16.0,True,17.0,0.05691378798376712,0.016565118050266614
2025-11-26,REGN,3,489.0,False,D_gt250,True,13.0,True,14.0,True,15.0,0.057911051212937936,0.022149591124537737
2025-11-26,SOLV,4,461.0,False,D_gt250,False,,False,,False,,-0.05618768328445756,
2025-11-28,SOLV,3,461.0,False,D_gt250,False,,False,,False,,-0.06052785923753656,
2025-12-01,CVNA,15,480.0,False,D_gt250,False,,False,,False,,-0.009340405904059046,
2025-12-02,CVNA,14,489.0,False,D_gt250,False,,False,,False,,-0.026752767527675192,
2025-12-02,DAL,7,425.0,False,D_gt250,True,1.0,True,2.0,False,,-0.01643990929705208,-0.005873084085374569
2025-12-02,JBHT,10,350.0,False,D_gt250,False,,False,,False,,-0.012299247814596348,
2025-12-02,UAL,5,282.0,False,D_gt250,True,7.0,True,8.0,False,,0.057899716177861826,-0.009127159946832109
2025-12-03,ADI,6,422.0,False,D_gt250,False,,False,,False,,-0.034052013126786296,
2025-12-03,INTC,6,497.0,False,D_gt250,True,14.0,True,14.0,False,,-0.003290306251581776,0.0
2025-12-03,MCHP,10,462.0,False,D_gt250,False,,False,,False,,0.016252539459290505,
2025-12-03,NXPI,9,479.0,False,D_gt250,False,,False,,False,,-0.03686615886833511,
2025-12-03,ON,9,461.0,False,D_gt250,True,11.0,False,,False,,0.03922287390029333,0.0
2025-12-04,MCHP,9,462.0,False,D_gt250,False,,False,,False,,0.047976246288482516,
2025-12-04,ODFL,9,286.0,False,D_gt250,False,,False,,False,,0.051370962563411116,
2025-12-05,ADI,4,422.0,False,D_gt250,False,,False,,False,,0.0336991425244364,
2025-12-05,MCHP,8,462.0,False,D_gt250,True,12.0,True,12.0,True,12.0,0.1700265666510392,0.0
2025-12-05,TER,5,435.0,False,D_gt250,True,13.0,True,13.0,True,13.0,0.18343072865491017,0.10252457120832537
2025-12-08,MCHP,7,462.0,False,D_gt250,True,12.0,True,12.0,True,12.0,0.15549304578840428,-0.012421530653132229
2025-12-08,TER,4,435.0,False,D_gt250,True,13.0,True,13.0,True,13.0,0.15054041474892688,0.07188282906147614
2025-12-09,CVNA,9,497.0,False,D_gt250,False,,False,,False,,0.02075645756457556,
2025-12-09,DECK,7,341.0,False,D_gt250,True,10.0,False,,False,,0.06772749875683748,-0.0068455134135059215
2025-12-09,DG,8,358.0,False,D_gt250,True,1.0,True,1.0,False,,0.04895104895104896,0.04712041884816753
2025-12-09,MCHP,6,462.0,False,D_gt250,True,12.0,True,12.0,True,12.0,0.14908579465541494,-0.01789768932816882
2025-12-09,TER,3,435.0,False,D_gt250,True,13.0,True,13.0,True,13.0,0.11863267311371972,0.04215648487184431
2025-12-10,COHR,2,491.0,False,D_gt250,True,1.0,True,10.0,True,13.0,-0.0015700347650555724,-0.0021854861305686812
2025-12-10,GEV,5,476.0,False,D_gt250,True,10.0,True,10.0,False,,0.013530015141894003,-0.0839526157015672
2025-12-10,MCHP,5,462.0,False,D_gt250,True,12.0,True,12.0,True,12.0,0.17549617127676198,0.00467476960064106
2025-12-10,NXPI,4,479.0,False,D_gt250,True,13.0,False,,False,,0.04961915125136018,-0.019516161821508393
2025-12-10,TER,2,435.0,False,D_gt250,True,13.0,True,13.0,True,13.0,0.12354553446760086,0.04673347465793021
2025-12-11,CVNA,7,497.0,False,D_gt250,False,,False,,False,,0.07126383763837651,
2025-12-11,DG,6,358.0,False,D_gt250,True,1.0,True,1.0,False,,0.08435314685314688,0.08246073298429324
2025-12-11,MCHP,4,462.0,False,D_gt250,True,12.0,True,12.0,True,12.0,0.14689795280512574,-0.019767597168425355
2025-12-11,NXPI,3,479.0,False,D_gt250,True,13.0,False,,False,,0.03734494015233958,-0.030981906891644595
2025-12-12,DECK,4,376.0,False,D_gt250,True,10.0,False,,False,,0.01153654898060652,-0.059111933395004645
2025-12-12,LUV,8,400.0,False,D_gt250,False,,False,,False,,0.04146576663452284,
2025-12-12,MCHP,3,462.0,False,D_gt250,True,12.0,True,12.0,True,12.0,0.15752461322081568,-0.010685187658608375
2025-12-12,NXPI,2,479.0,False,D_gt250,True,13.0,False,,False,,0.04065288356909691,-0.0278918479365724
2025-12-12,ODFL,3,286.0,False,D_gt250,True,14.0,False,,False,,0.10222821550118799,0.00339042497223363
2025-12-15,CVNA,5,497.0,False,D_gt250,False,,False,,False,,0.05765682656826576,
2025-12-15,DG,4,358.0,False,D_gt250,True,1.0,True,1.0,False,,0.09957750582750569,0.09765852239674211
2025-12-15,DLTR,4,484.0,False,D_gt250,True,11.0,True,12.0,False,,0.09738735919899866,0.06635755548799027
2025-12-15,GEV,2,476.0,False,D_gt250,True,10.0,True,10.0,False,,0.04882853840016921,-0.052049150172908565
2025-12-15,LUV,7,400.0,False,D_gt250,False,,False,,False,,0.025795564127290227,
2025-12-15,MCHP,2,462.0,False,D_gt250,True,12.0,True,12.0,True,12.0,0.16705735271136124,-0.002537732068919385
2025-12-15,NCLH,10,229.0,False,C_151-250,False,,False,,False,,0.02942487739634414,
2025-12-16,LUV,6,400.0,False,D_gt250,False,,False,,False,,0.039054966248794676,
2025-12-16,MCHP,1,462.0,False,D_gt250,True,12.0,True,12.0,True,12.0,0.16346304110017185,-0.005609723520769383
2025-12-16,NCLH,9,292.0,False,D_gt250,False,,False,,False,,0.01961658493089624,
2025-12-16,TSLA,1,496.0,False,D_gt250,True,1.0,True,3.0,False,,-0.06140050507212258,-0.09268262407679417
2025-12-17,LUV,5,400.0,False,D_gt250,False,,False,,False,,0.03953712632594031,
2025-12-17,NCLH,8,426.0,False,D_gt250,False,,False,,False,,-0.018724921979491715,
2025-12-17,WBD,3,459.0,False,D_gt250,False,,False,,False,,-0.005913043478260938,
2025-12-18,CVNA,2,497.0,False,D_gt250,True,17.0,False,,False,,0.020064575645756477,-0.0018054615211015035
2025-12-18,LULU,6,479.0,False,D_gt250,False,,False,,False,,-0.11188482168062486,
2025-12-18,LUV,4,400.0,False,D_gt250,False,,False,,False,,0.021697203471552795,
2025-12-18,NCLH,7,469.0,False,D_gt250,False,,False,,False,,-0.09184128399464997,
2025-12-19,CCL,10,486.0,False,D_gt250,False,,False,,False,,-0.12538699690402466,
2025-12-19,NCLH,6,484.0,False,D_gt250,False,,False,,False,,-0.0695497102095407,
2025-12-19,RCL,4,438.0,False,D_gt250,False,,False,,False,,-0.02765428641439438,
2025-12-22,CCL,9,487.0,False,D_gt250,False,,False,,False,,-0.11795665634674923,
2025-12-22,NCLH,5,493.0,False,D_gt250,False,,False,,False,,-0.07177886758805174,
2025-12-22,RCL,3,439.0,False,D_gt250,False,,False,,False,,-0.0004200651100920716,
2025-12-23,CCL,8,487.0,False,D_gt250,False,,False,,False,,-0.11609907120743024,
2025-12-23,NCLH,4,493.0,False,D_gt250,False,,False,,False,,-0.06687472135532768,
2025-12-23,RCL,2,439.0,False,D_gt250,False,,False,,False,,0.0015402387370042625,
2025-12-24,CCL,7,487.0,False,D_gt250,False,,False,,False,,-0.11238390092879247,
2025-12-24,GE,2,475.0,False,D_gt250,True,3.0,True,3.0,False,,-0.05302009114834061,-0.08009353078721748
2025-12-24,NCLH,3,495.0,False,D_gt250,False,,False,,False,,-0.07311636201515825,
2025-12-24,RCL,1,439.0,False,D_gt250,False,,False,,False,,0.026184058529071796,
2025-12-26,CCL,6,487.0,False,D_gt250,False,,False,,False,,-0.11176470588235288,
2025-12-26,GE,1,475.0,False,D_gt250,True,3.0,True,3.0,False,,-0.045285319982027006,-0.07257989088074812
2025-12-26,NCLH,2,495.0,False,D_gt250,False,,False,,False,,-0.06999554168524302,
2025-12-29,CCL,5,487.0,False,D_gt250,False,,False,,False,,-0.11083591331269349,
2025-12-29,CMCSA,2,422.0,False,D_gt250,False,,False,,False,,0.01464285714285718,
2025-12-29,LRCX,16,200.0,False,C_151-250,True,3.0,True,4.0,False,,0.08554599003171748,0.004696804495512907
2025-12-29,NVDA,5,417.0,False,D_gt250,False,,False,,False,,0.022858363597521913,
2025-12-30,CCL,4,487.0,False,D_gt250,False,,False,,False,,-0.035603715170278605,
2025-12-31,CCL,3,487.0,False,D_gt250,False,,False,,False,,-0.07058823529411762,
2026-01-02,FIX,4,292.0,False,D_gt250,True,3.0,True,5.0,True,10.0,0.21077931836663266,0.09609184263003878
2026-01-05,HAL,9,265.0,False,D_gt250,True,3.0,False,,False,,0.03991403131716287,0.004448398576512469
2026-01-05,IBKR,3,283.0,False,D_gt250,True,5.0,False,,False,,0.06798745724059319,0.01696525515743752
2026-01-05,SLB,10,152.0,False,C_151-250,True,1.0,True,1.0,False,,0.071259418729817,0.025556471558120242
2026-01-06,IBKR,2,355.0,False,D_gt250,True,5.0,False,,False,,0.046750285062713726,-0.0032573289902281255
2026-01-06,SLB,9,152.0,False,C_151-250,True,1.0,True,1.0,False,,0.10548977395048431,0.05832646331409719
2026-01-07,ALB,14,463.0,False,D_gt250,False,,False,,False,,-0.1510877231053004,
2026-01-08,CNC,6,476.0,False,D_gt250,False,,False,,False,,-0.15934426229508192,
2026-01-08,DOW,7,377.0,False,D_gt250,True,1.0,True,1.0,False,,0.19563581640331096,0.11862020415346719
2026-01-08,HAL,6,270.0,False,D_gt250,True,3.0,False,,False,,0.07399447344181742,0.03736654804270456
2026-01-08,SLB,7,269.0,False,D_gt250,True,1.0,True,1.0,False,,0.09149623250807326,0.04492992580379229
2026-01-09,AMAT,8,430.0,False,D_gt250,True,1.0,True,1.0,False,,0.03695222560306144,0.02540480178671123
2026-01-09,HAL,5,270.0,False,D_gt250,True,3.0,False,,False,,0.07153822536076149,0.034994068801897926
2026-01-09,INTC,10,453.0,False,D_gt250,True,9.0,True,10.0,False,,0.18239585784890555,-0.006918363312907738
2026-01-09,LRCX,8,428.0,False,D_gt250,True,3.0,True,4.0,True,5.0,0.038876302673312324,-0.038497022561435945
2026-01-09,MCHP,7,328.0,False,D_gt250,True,5.0,False,,False,,-0.023490813648294084,-0.07311908320876936
2026-01-09,MU,17,348.0,False,D_gt250,False,,False,,False,,0.010806536636795094,
2026-01-09,SLB,6,275.0,False,D_gt250,True,1.0,True,1.0,False,,0.08805166846071044,0.04163231657048638
2026-01-12,AMAT,7,430.0,False,D_gt250,True,1.0,True,1.0,False,,0.032246933718121484,0.020751907686580973
2026-01-12,INTC,9,453.0,False,D_gt250,True,9.0,True,10.0,False,,0.10920216521534476,-0.06839296303617315
2026-01-12,LHX,9,388.0,False,D_gt250,False,,False,,False,,-0.025748164878599655,
2026-01-12,LRCX,7,428.0,False,D_gt250,True,3.0,True,4.0,True,5.0,0.02677843226098786,-0.049693868992703116
2026-01-12,MU,16,437.0,False,D_gt250,False,,False,,False,,-0.01620980495519231,
2026-01-12,SLB,5,337.0,False,D_gt250,True,1.0,True,1.0,False,,0.08331539289558654,0.0370981038746907
2026-01-13,ALB,10,465.0,False,D_gt250,False,,False,,False,,-0.04828297075896493,
2026-01-13,INTC,8,453.0,False,D_gt250,True,9.0,True,10.0,False,,0.13650270651918084,-0.04546353034196493
2026-01-13,LRCX,6,428.0,False,D_gt250,True,3.0,True,4.0,True,5.0,0.06533756230176713,-0.014006541977690246
2026-01-13,SLB,4,337.0,False,D_gt250,True,1.0,True,1.0,False,,0.110010764262648,0.06265457543281117
2026-01-13,TER,3,244.0,False,C_151-250,True,7.0,True,10.0,True,11.0,0.4089414858645628,0.28333599488981154
2026-01-14,ALB,9,465.0,False,D_gt250,False,,False,,False,,-0.13779634351434933,
2026-01-14,DOW,3,377.0,False,D_gt250,True,1.0,True,1.0,True,15.0,0.2283671933784801,0.1492432242168249
2026-01-14,INTC,7,453.0,False,D_gt250,True,9.0,True,10.0,False,,0.09390444810543652,-0.08124135204585903
2026-01-14,LRCX,5,428.0,False,D_gt250,True,3.0,True,4.0,True,5.0,0.04798368826461252,-0.030067935922167277
2026-01-14,SLB,3,337.0,False,D_gt250,True,1.0,True,1.0,False,,0.09020452099031218,0.04369332234130252
2026-01-15,ALB,8,465.0,False,D_gt250,False,,False,,False,,-0.09754245103889769,
2026-01-15,AMAT,4,430.0,False,D_gt250,True,1.0,True,1.0,False,,0.1133034285893535,0.10090576338482538
2026-01-15,BG,10,277.0,False,D_gt250,False,,False,,False,,0.07595714787495611,
2026-01-15,INTC,6,453.0,False,D_gt250,True,9.0,True,10.0,False,,0.10120028241939272,-0.07511365882585497
2026-01-15,KLAC,3,470.0,False,D_gt250,True,1.0,True,2.0,True,6.0,-0.03675657894736839,-0.02391333333333323
2026-01-15,LRCX,4,428.0,False,D_gt250,True,3.0,True,4.0,True,5.0,0.06719528772088812,-0.012287176046297144
2026-01-16,AMAT,3,430.0,False,D_gt250,True,1.0,True,1.0,False,,0.12654098309231765,0.11399590545319183
2026-01-16,INTC,5,453.0,False,D_gt250,True,9.0,True,10.0,False,,0.08684396328547894,-0.08717137774263695
2026-01-16,KLAC,2,470.0,False,D_gt250,True,1.0,True,2.0,True,6.0,-0.03276973684210527,-0.0198733333333333
2026-01-16,LMT,5,265.0,False,D_gt250,True,1.0,True,4.0,False,,0.11676924663893007,0.09182284225565174
2026-01-16,LRCX,3,428.0,False,D_gt250,True,3.0,True,4.0,True,5.0,0.06742183960126891,-0.012077497274175952
2026-01-20,ALB,6,465.0,False,D_gt250,False,,False,,False,,-0.07112244344382368,
2026-01-20,BG,8,277.0,False,D_gt250,False,,False,,False,,0.06928345626975774,
2026-01-20,INTC,4,457.0,False,D_gt250,True,9.0,True,10.0,False,,0.06989879971758062,-0.10140343941490415
2026-01-20,MU,11,437.0,False,D_gt250,False,,False,,False,,0.10951502372166577,
2026-01-21,AMD,7,495.0,False,D_gt250,False,,False,,False,,-0.1409200354834621,
2026-01-21,BG,7,277.0,False,D_gt250,False,,False,,False,,0.08438707411310142,
2026-01-21,CF,8,323.0,False,D_gt250,False,,False,,False,,0.10707925200356172,
2026-01-21,GNRC,6,308.0,False,D_gt250,True,9.0,True,9.0,True,9.0,0.33798011881654033,0.05804921159123677
2026-01-21,INTC,3,461.0,False,D_gt250,True,9.0,True,10.0,False,,0.05012944222169913,-0.11800751136588272
2026-01-21,TPL,7,291.0,False,D_gt250,True,7.0,True,7.0,True,10.0,0.39671604087725343,0.21149345152133847
2026-01-22,AMD,6,495.0,False,D_gt250,False,,False,,False,,-0.15452202931609849,
2026-01-22,BG,6,277.0,False,D_gt250,False,,False,,False,,0.07086406743940987,
2026-01-22,GNRC,5,308.0,False,D_gt250,True,9.0,True,9.0,True,9.0,0.3480971707546616,0.06604958370156755
2026-01-22,INTC,2,478.0,False,D_gt250,True,9.0,True,10.0,False,,0.038126618027771286,-0.12808855505040528
2026-01-22,LMT,2,265.0,False,D_gt250,True,1.0,True,4.0,False,,0.13169205377712068,0.10641230355492048
2026-01-23,ALB,3,465.0,False,D_gt250,True,17.0,False,,False,,-0.03694461020994955,0.0
2026-01-23,AMD,5,495.0,False,D_gt250,False,,False,,False,,-0.16951801630549568,
2026-01-23,BG,5,277.0,False,D_gt250,False,,False,,False,,0.06533192834562707,
2026-01-23,FIX,5,345.0,False,D_gt250,True,6.0,True,10.0,True,13.0,0.23769372209088524,0.10121138939742136
2026-01-23,MU,8,437.0,False,D_gt250,True,10.0,False,,False,,0.10956773853452839,0.008673775008985363
2026-01-26,ALB,2,465.0,False,D_gt250,True,17.0,True,18.0,False,,0.01356263223566434,0.052444794952681395
2026-01-26,AMD,4,495.0,False,D_gt250,False,,False,,False,,-0.09669243441895825,
2026-01-26,BG,4,277.0,False,D_gt250,False,,False,,False,,0.07578152441166153,
2026-01-26,MU,7,437.0,False,D_gt250,True,10.0,False,,False,,0.10176594623089086,0.001581406493350812
2026-01-27,AMD,3,495.0,False,D_gt250,False,,False,,False,,-0.10928061504667752,
2026-01-27,BG,3,277.0,False,D_gt250,False,,False,,False,,0.06585879873551104,
2026-01-27,BKR,7,196.0,False,C_151-250,True,13.0,False,,False,,0.12988145048814514,0.0
2026-01-27,MU,6,437.0,False,D_gt250,True,10.0,True,14.0,False,,0.13073273589878753,0.027914220678087798
2026-01-28,BKR,6,196.0,False,C_151-250,True,13.0,False,,False,,0.1314504881450489,0.001388674587255112
2026-01-28,MPWR,5,329.0,False,D_gt250,True,2.0,False,,False,,0.03808836853355402,-0.04040428680619912
2026-01-28,MU,5,437.0,False,D_gt250,True,10.0,True,14.0,False,,0.09530838165524513,-0.004288966095603253
2026-01-29,KLAC,1,470.0,False,D_gt250,True,13.0,False,,False,,0.06765690435172345,0.03717939995918074
2026-01-29,LRCX,2,428.0,False,D_gt250,True,12.0,False,,False,,-0.015200000000000102,-0.014743670752769722
2026-01-29,MPWR,4,358.0,False,D_gt250,True,2.0,False,,False,,0.005198666467281843,-0.07080710998357476
2026-01-29,MU,4,437.0,False,D_gt250,True,10.0,True,14.0,False,,0.08690036900369003,-0.011932430813465955
2026-01-30,EQT,2,327.0,False,D_gt250,False,,False,,False,,0.1086330935251798,
2026-01-30,MU,3,437.0,False,D_gt250,True,10.0,True,14.0,False,,0.08769109119662644,-0.011213609680124637
2026-01-30,TXN,6,452.0,False,D_gt250,True,1.0,False,,False,,-0.04091054532157068,-0.0502444323737099
2026-02-02,MU,2,437.0,False,D_gt250,True,10.0,True,14.0,False,,0.0007380073800737907,-0.09025997364322513
2026-02-02,TXN,5,467.0,False,D_gt250,True,1.0,False,,False,,-0.07359327147232264,-0.08260908926308164
2026-02-03,TER,13,343.0,False,D_gt250,True,2.0,True,2.0,False,,-0.04175824175824183,-0.1097368881628843
2026-02-03,TXN,4,467.0,False,D_gt250,True,1.0,False,,False,,-0.07487315445444997,-0.08387651638602212
2026-02-05,BALL,8,355.0,False,D_gt250,False,,False,,False,,-0.057004976624943415,
2026-02-05,FDX,8,372.0,False,D_gt250,False,,False,,False,,-0.06259789077999367,
2026-02-05,HSY,7,357.0,False,D_gt250,False,,False,,False,,0.025478577939835878,
2026-02-06,GLW,18,469.0,False,D_gt250,False,,False,,False,,-0.04222947899658602,
2026-02-06,HSY,6,357.0,False,D_gt250,False,,False,,False,,0.015405651777575136,
2026-02-09,CIEN,17,451.0,False,D_gt250,False,,False,,False,,0.12716338122285342,
2026-02-09,GLW,17,469.0,False,D_gt250,False,,False,,False,,0.01098411755974471,
2026-02-10,CIEN,16,451.0,False,D_gt250,False,,False,,False,,0.13581690611426644,
2026-02-10,VZ,3,275.0,False,D_gt250,True,12.0,False,,False,,0.03407467863701297,-0.010156250000000089
2026-02-11,GLW,15,492.0,False,D_gt250,False,,False,,False,,-0.03688585423779134,
2026-02-11,GNRC,11,450.0,False,D_gt250,False,,False,,False,,-0.09437813373563475,
2026-02-11,VRT,10,231.0,False,C_151-250,True,2.0,False,,False,,0.02372410600624919,0.029602327837051412
2026-02-11,VZ,2,275.0,False,D_gt250,True,12.0,False,,False,,0.03305447867782085,-0.011132812499999978
2026-02-12,GLW,14,492.0,False,D_gt250,False,,False,,False,,-0.041709959922814344,
2026-02-12,GNRC,10,450.0,False,D_gt250,False,,False,,False,,-0.11021875138660875,
2026-02-12,SW,6,484.0,False,D_gt250,False,,False,,False,,-0.1412832145171743,
2026-02-12,VRT,9,231.0,False,C_151-250,True,2.0,False,,False,,-0.0013501523743394417,0.004384093113481979
2026-02-12,VZ,1,275.0,False,D_gt250,True,12.0,False,,False,,0.04835747806570101,0.003515624999999911
2026-02-13,GLW,13,492.0,False,D_gt250,False,,False,,False,,-0.019964375834941372,
2026-02-13,GNRC,9,450.0,False,D_gt250,False,,False,,False,,-0.10156631317389186,
2026-02-13,SW,5,487.0,False,D_gt250,False,,False,,False,,-0.14841218405703172,
2026-02-13,TPL,14,219.0,False,C_151-250,True,4.0,False,,False,,0.0035426547054453472,-0.003932170066355489
2026-02-13,VRT,8,231.0,False,C_151-250,True,2.0,False,,False,,0.0212552559503143,0.027119301648884653
2026-02-17,GNRC,8,450.0,False,D_gt250,False,,False,,False,,-0.08958601411013001,
2026-02-17,SW,4,487.0,False,D_gt250,False,,False,,False,,-0.13415424497731698,
2026-02-17,TPL,13,219.0,False,C_151-250,True,4.0,False,,False,,0.007904310229891687,0.00039699793939140804
2026-02-17,VRT,7,231.0,False,C_151-250,True,2.0,True,13.0,False,,0.03541256798981607,0.04135790494665392
2026-02-18,GNRC,7,450.0,False,D_gt250,False,,False,,False,,-0.11137240981497087,
2026-02-18,SW,3,487.0,False,D_gt250,False,,False,,False,,-0.16655865197666886,
2026-02-18,TPL,12,219.0,False,C_151-250,True,4.0,False,,False,,0.009618497990591113,0.0020984176796416953
2026-02-18,TPR,2,432.0,False,D_gt250,False,,False,,False,,-0.10694506333948695,
2026-02-18,VRT,6,231.0,False,C_151-250,True,2.0,True,13.0,False,,0.021139528603942193,0.027002909796314256
2026-02-19,CIEN,10,451.0,False,D_gt250,True,7.0,True,8.0,True,9.0,0.3784831272970264,0.13383533032867967
2026-02-19,FIX,7,456.0,False,D_gt250,True,2.0,True,13.0,False,,0.004422071420625118,0.00994141416966099
2026-02-19,GNRC,6,450.0,False,D_gt250,False,,False,,False,,-0.10879886409016293,
2026-02-19,TPL,11,219.0,False,C_151-250,True,4.0,False,,False,,0.014265851475153912,0.0067111556420969
2026-02-19,VRT,5,231.0,False,C_151-250,True,2.0,True,13.0,False,,0.03834432743123872,0.044306498545101825
2026-02-20,CIEN,9,451.0,False,D_gt250,True,7.0,True,8.0,True,9.0,0.28262612763113926,0.054990656260305526
2026-02-20,FIX,6,456.0,False,D_gt250,True,2.0,True,13.0,False,,-0.05665952831238186,-0.05147583159719804
2026-02-20,GLW,9,492.0,False,D_gt250,False,,False,,False,,-0.0754044827074366,
2026-02-20,GNRC,5,450.0,False,D_gt250,False,,False,,False,,-0.11563207170430845,
2026-02-20,TPL,10,219.0,False,C_151-250,True,4.0,False,,False,,-0.010704150239033927,-0.01807285857421037
2026-02-20,VRT,4,231.0,False,C_151-250,True,2.0,True,13.0,False,,-0.012922887011534212,-0.007255092143550024
2026-02-23,CIEN,8,451.0,False,D_gt250,True,7.0,True,8.0,True,9.0,0.3628466421650516,0.12097394745520496
2026-02-23,EIX,4,362.0,False,D_gt250,False,,False,,False,,-0.05445544554455439,
2026-02-23,GLW,8,492.0,False,D_gt250,False,,False,,False,,-0.027979812973133567,
2026-02-23,GNRC,4,450.0,False,D_gt250,False,,False,,False,,-0.10436171628876967,
2026-02-23,TPL,9,219.0,False,C_151-250,True,4.0,False,,False,,0.005409214711540322,-0.0020795130158610675
2026-02-23,VRT,3,231.0,False,C_151-250,True,2.0,True,13.0,False,,-0.012459977626046448,-0.006789524733268659
2026-02-24,CIEN,7,451.0,False,D_gt250,True,7.0,True,8.0,True,9.0,0.4346140995656531,0.18000439705397375
2026-02-24,GNRC,3,450.0,False,D_gt250,False,,False,,False,,-0.07170430847051512,
2026-02-24,TPL,8,219.0,False,C_151-250,True,4.0,False,,False,,0.019484600879949854,0.011891033517968719
2026-02-24,VRT,2,231.0,False,C_151-250,True,2.0,True,13.0,False,,0.04497936195656349,0.0509796314258002
2026-02-25,GLW,6,492.0,False,D_gt250,True,13.0,True,14.0,False,,0.08616594923556464,0.030561228082529368
2026-02-25,GNRC,2,450.0,False,D_gt250,False,,False,,False,,-0.0896747570661579,
2026-02-25,GRMN,5,363.0,False,D_gt250,False,,False,,False,,-0.02547973564774264,
2026-02-25,KEYS,9,382.0,False,D_gt250,True,8.0,False,,False,,0.02654619317783835,0.05617410730371497
2026-02-25,TPL,7,219.0,False,C_151-250,True,4.0,False,,False,,0.010151800849475423,0.002627748265497054
2026-02-25,VRT,1,231.0,False,C_151-250,True,2.0,True,13.0,False,,0.06530879913590248,0.07142580019398648
2026-02-26,AXON,9,486.0,False,D_gt250,False,,False,,False,,-0.12966362037985213,
2026-02-27,TPL,5,314.0,False,D_gt250,True,4.0,False,,False,,-0.02529379273565313,-0.03255383103011522
2026-03-02,AXON,7,490.0,False,D_gt250,False,,False,,False,,-0.19804084471665673,
2026-03-02,TPL,4,476.0,False,D_gt250,True,4.0,False,,False,,-0.10982229586880743,-0.11645272888821678
2026-03-03,AXON,6,493.0,False,D_gt250,False,,False,,False,,-0.17945398690032277,
2026-03-03,TPL,3,479.0,False,D_gt250,True,4.0,False,,False,,-0.09612784031388677,-0.102860275629998
2026-03-04,TPL,2,494.0,False,D_gt250,True,4.0,False,,False,,-0.1634763727786983,-0.16970716675803932
2026-03-04,XYZ,7,474.0,False,D_gt250,False,,False,,False,,-0.004181301220939959,
2026-03-05,INTU,10,472.0,False,D_gt250,False,,False,,False,,-0.07196204199982426,
2026-03-05,XYZ,6,474.0,False,D_gt250,False,,False,,False,,-0.00016725204883760725,
2026-03-06,INTU,9,486.0,False,D_gt250,False,,False,,False,,-0.08320885686670765,
2026-03-06,NOW,8,485.0,False,D_gt250,False,,False,,False,,-0.09928766159528624,
2026-03-06,XYZ,5,474.0,False,D_gt250,False,,False,,False,,0.014885432346546157,
2026-03-09,DDOG,9,485.0,False,D_gt250,False,,False,,False,,-0.06827630316597366,
2026-03-09,INTU,8,486.0,False,D_gt250,False,,False,,False,,-0.09884895879096744,
2026-03-09,XYZ,4,474.0,False,D_gt250,False,,False,,False,,0.0030105368790767084,
2026-03-10,DDOG,8,485.0,False,D_gt250,False,,False,,False,,-0.06859609849696191,
2026-03-10,INTU,7,492.0,False,D_gt250,False,,False,,False,,-0.14438537914067306,
2026-03-10,PLTR,6,488.0,False,D_gt250,True,3.0,False,,False,,-0.07861491130457565,-0.12484456602835126
2026-03-10,XYZ,3,474.0,False,D_gt250,False,,False,,False,,0.05084462284662994,
2026-03-11,APA,19,471.0,False,D_gt250,False,,False,,False,,0.005677419354838786,
2026-03-11,DDOG,7,487.0,False,D_gt250,False,,False,,False,,-0.1287176207227374,
2026-03-11,INTU,6,493.0,False,D_gt250,False,,False,,False,,-0.20549600210877783,
2026-03-11,MPC,15,475.0,False,D_gt250,False,,False,,False,,-0.061471279811891155,
2026-03-11,VLO,10,415.0,False,D_gt250,True,1.0,True,2.0,False,,0.002387652426025344,-0.05255097928588692
2026-03-12,APA,18,475.0,False,D_gt250,False,,False,,False,,-0.0030967741935483684,
2026-03-12,CF,10,469.0,False,D_gt250,True,1.0,True,2.0,True,2.0,-0.08479179239589629,-0.11088310736533524
2026-03-12,DOW,18,443.0,False,D_gt250,False,,False,,False,,-0.006873727087576498,
2026-03-12,LYB,10,464.0,False,D_gt250,True,1.0,True,1.0,True,2.0,-0.051466803911477066,-0.08365444375388442
2026-03-12,MOS,2,496.0,False,D_gt250,True,1.0,True,1.0,False,,-0.1051680520419227,-0.14117238987166136
2026-03-12,MPC,14,478.0,False,D_gt250,False,,False,,False,,-0.0652502519314746,
2026-03-12,PSX,14,489.0,False,D_gt250,False,,False,,False,,-0.09331587337736269,
2026-03-12,VLO,9,422.0,False,D_gt250,True,1.0,True,2.0,False,,0.018248486398908526,-0.03755944225034258
2026-03-13,APA,17,487.0,False,D_gt250,False,,False,,False,,0.019096774193548383,
2026-03-13,MPC,13,484.0,False,D_gt250,False,,False,,False,,-0.05403930131004364,
2026-03-13,PANW,5,483.0,False,D_gt250,True,12.0,True,12.0,False,,-0.0027002147898128603,-0.06485211186557727
2026-03-13,PSX,13,493.0,False,D_gt250,False,,False,,False,,-0.08676838988840796,
2026-03-13,VLO,8,457.0,False,D_gt250,True,1.0,True,2.0,False,,0.0321480344504137,-0.02442169742887068
2026-03-16,APA,16,494.0,False,D_gt250,False,,False,,False,,-0.0443870967741935,
2026-03-16,DDOG,4,491.0,False,D_gt250,False,,False,,False,,-0.11600575631595778,
2026-03-16,MPC,12,484.0,False,D_gt250,False,,False,,False,,-0.05974974806852529,
2026-03-16,PANW,4,483.0,False,D_gt250,True,12.0,True,12.0,False,,-0.008346118441239558,-0.07014616181378752
2026-03-17,APA,15,494.0,False,D_gt250,False,,False,,False,,-0.05548387096774188,
2026-03-17,DDOG,3,491.0,False,D_gt250,False,,False,,False,,-0.032139430764310806,
2026-03-17,EXPE,2,454.0,False,D_gt250,False,,False,,False,,0.07531013742116044,
2026-03-17,STX,7,443.0,False,D_gt250,True,6.0,True,6.0,True,7.0,0.37173631827661757,0.1462607544672403
2026-03-17,WDC,7,491.0,False,D_gt250,True,8.0,True,8.0,True,10.0,0.33528443387598306,0.07739535982053258
2026-03-18,APA,14,494.0,False,D_gt250,False,,False,,False,,-0.021935483870967776,
2026-03-18,DDOG,2,491.0,False,D_gt250,False,,False,,False,,-0.012871762072273696,
2026-03-18,DVN,10,488.0,False,D_gt250,False,,False,,False,,-0.05783082938876316,
2026-03-18,OXY,11,496.0,False,D_gt250,False,,False,,False,,-0.09687152612355088,
2026-03-18,WDC,6,491.0,False,D_gt250,True,8.0,True,8.0,True,10.0,0.3231754161331626,0.06762500737942045
2026-03-19,APA,13,495.0,False,D_gt250,False,,False,,False,,-0.07767741935483863,
2026-03-19,CIEN,7,96.0,False,A_51-100,True,1.0,True,2.0,True,6.0,0.39021917808219175,0.30703448986425563
2026-03-19,LITE,20,150.0,False,B_101-150,False,,False,,False,,0.0,
2026-03-19,OXY,10,496.0,False,D_gt250,False,,False,,False,,-0.14578370652691752,
2026-03-19,STX,5,443.0,False,D_gt250,True,6.0,True,6.0,True,7.0,0.4460519021093481,0.20836090889035952
2026-03-19,WDC,5,491.0,False,D_gt250,True,8.0,True,8.0,True,10.0,0.36279495152734564,0.09959265600094458
2026-03-20,AKAM,10,497.0,False,D_gt250,False,,False,,False,,-0.14816753926701565,
2026-03-20,APA,12,497.0,False,D_gt250,False,,False,,False,,-0.07174193548387098,
2026-03-20,CIEN,6,96.0,False,A_51-100,True,1.0,True,2.0,True,6.0,0.37882191780821906,0.296319192231409
2026-03-20,LITE,19,150.0,False,B_101-150,True,1.0,False,,False,,0.0011632198821120987,0.0
2026-03-20,OXY,9,496.0,False,D_gt250,False,,False,,False,,-0.13482610767031922,
2026-03-20,STX,4,443.0,False,D_gt250,True,6.0,True,6.0,True,7.0,0.4249320203806859,0.19071255239355822
2026-03-20,WDC,4,491.0,False,D_gt250,True,8.0,True,8.0,True,10.0,0.36861167002012074,0.10428596729440942
2026-03-23,AKAM,9,497.0,False,D_gt250,False,,False,,False,,-0.144153577661431,
2026-03-23,APA,11,497.0,False,D_gt250,False,,False,,False,,-0.029677419354838697,
2026-03-23,CIEN,5,96.0,False,A_51-100,True,1.0,True,2.0,True,6.0,0.38610958904109594,0.3031708008139504
2026-03-23,COP,7,492.0,False,D_gt250,False,,False,,False,,-0.06324972737186474,
2026-03-23,DELL,11,395.0,False,D_gt250,True,6.0,True,9.0,False,,0.14498301612120557,0.09979802164793616
2026-03-23,LITE,18,287.0,False,D_gt250,True,1.0,False,,False,,-0.0639211694833739,-0.06500876987185944
2026-03-23,OXY,8,496.0,False,D_gt250,False,,False,,False,,-0.10544703827219315,
2026-03-23,VLO,2,483.0,False,D_gt250,True,1.0,True,2.0,False,,-0.004903214803445022,-0.059442250342548575
2026-03-23,WDC,3,491.0,False,D_gt250,True,8.0,True,8.0,True,10.0,0.4040973111395645,0.13291811795265374
2026-03-24,APA,10,497.0,False,D_gt250,False,,False,,False,,-0.017806451612903174,
2026-03-24,CIEN,4,248.0,False,C_151-250,True,1.0,True,2.0,True,6.0,0.3670410958904111,0.2852432836205343
2026-03-24,COP,6,492.0,False,D_gt250,False,,False,,False,,-0.04502258918834712,
2026-03-24,DELL,10,395.0,False,D_gt250,True,6.0,True,9.0,False,,0.1573300264193671,0.11165777616655448
2026-03-24,DVN,6,488.0,False,D_gt250,False,,False,,False,,-0.03025313850586553,
2026-03-24,LITE,17,370.0,False,D_gt250,True,1.0,False,,False,,-0.02289529902580334,-0.024030566075677884
2026-03-24,MPC,6,492.0,False,D_gt250,False,,False,,False,,-0.06755962378233127,
2026-03-24,OXY,7,496.0,False,D_gt250,False,,False,,False,,-0.09401302207400353,
2026-03-25,AKAM,7,497.0,False,D_gt250,False,,False,,False,,-0.1607329842931936,
2026-03-25,APA,9,497.0,False,D_gt250,False,,False,,False,,-0.0023225806451613318,
2026-03-25,CIEN,3,248.0,False,C_151-250,True,1.0,True,2.0,True,6.0,0.4132876712328768,0.328722664399969
2026-03-25,DELL,9,395.0,False,D_gt250,True,6.0,True,9.0,False,,0.14379684045937347,0.09865865658501205
2026-03-25,HPE,9,441.0,False,D_gt250,True,9.0,False,,False,,0.11809447558046426,-0.028859527121001483
2026-03-25,LITE,16,451.0,False,D_gt250,True,1.0,False,,False,,-0.052769917344279604,-0.05387047401995293
2026-03-25,OXY,6,496.0,False,D_gt250,False,,False,,False,,-0.08162617119263138,
2026-03-26,APA,8,497.0,False,D_gt250,False,,False,,False,,-0.026322580645161353,
2026-03-26,BKR,4,424.0,False,D_gt250,False,,False,,False,,0.14252568776930707,
2026-03-26,CIEN,2,248.0,False,C_151-250,True,1.0,True,2.0,True,6.0,0.4268493150684931,0.3414728382659762
2026-03-26,DELL,8,395.0,False,D_gt250,True,6.0,True,9.0,False,,0.16509408529681346,0.11911543839660266
2026-03-26,FANG,4,480.0,False,D_gt250,False,,False,,False,,0.021875983632357432,
2026-03-26,HPE,8,441.0,False,D_gt250,True,9.0,False,,False,,0.12730184147317858,-0.020862308762169768
2026-03-26,LITE,15,451.0,False,D_gt250,True,1.0,False,,False,,-0.013902714552551876,-0.01504842980192378
2026-03-26,SLB,5,442.0,False,D_gt250,False,,False,,False,,0.13572006472491904,
2026-03-27,ALB,6,451.0,False,D_gt250,True,7.0,True,7.0,False,,0.14983000057626916,-0.07462202022075881
2026-03-27,APA,7,497.0,False,D_gt250,False,,False,,False,,-0.008258064516129093,
2026-03-27,BKR,3,424.0,False,D_gt250,False,,False,,False,,0.13324494530991027,
2026-03-27,CIEN,1,248.0,False,C_151-250,True,1.0,True,2.0,True,6.0,0.38723287671232876,0.3042268758210338
2026-03-27,DELL,7,395.0,False,D_gt250,True,6.0,True,9.0,False,,0.1644470803903597,0.1184939665440985
2026-03-27,DVN,3,488.0,False,D_gt250,False,,False,,False,,-0.008026342868903025,
2026-03-27,HAL,3,455.0,False,D_gt250,False,,False,,False,,0.056052631578947354,
2026-03-27,LITE,14,451.0,False,D_gt250,True,1.0,False,,False,,-0.03846454975561209,-0.03958172738546106
2026-03-27,OXY,4,496.0,False,D_gt250,False,,False,,False,,-0.09051929490233435,
2026-03-27,SLB,4,442.0,False,D_gt250,False,,False,,False,,0.11711165048543681,
2026-03-30,APA,6,497.0,False,D_gt250,False,,False,,False,,-0.002580645161290307,
2026-03-30,BKR,2,424.0,False,D_gt250,True,18.0,False,,False,,0.12147828969174679,0.0
2026-03-30,CF,2,492.0,False,D_gt250,True,3.0,True,3.0,False,,-0.044303797468354444,-0.08573777844221853
2026-03-30,DOW,6,493.0,False,D_gt250,False,,False,,False,,-0.032331975560081494,
2026-03-30,DVN,2,488.0,False,D_gt250,True,18.0,False,,False,,0.01831652603416334,0.0
2026-03-30,EOG,2,489.0,False,D_gt250,False,,False,,False,,-0.03304372596496219,
2026-03-30,HAL,2,455.0,False,D_gt250,True,18.0,False,,False,,0.07394736842105276,0.0
2026-03-30,LYB,2,496.0,False,D_gt250,True,1.0,True,3.0,False,,-0.06817885542953972,-0.1020100502512562
2026-03-30,OXY,3,496.0,False,D_gt250,False,,False,,False,,-0.06923932031125934,
2026-03-30,SLB,3,442.0,False,D_gt250,True,17.0,False,,False,,0.12560679611650483,0.0
2026-03-31,APA,5,497.0,False,D_gt250,True,15.0,False,,False,,0.040516129032257986,0.0
2026-03-31,DOW,5,493.0,False,D_gt250,False,,False,,False,,0.006873727087576276,
2026-03-31,HAL,1,455.0,False,D_gt250,True,18.0,False,,False,,0.10026315789473683,0.024503798088703732
2026-03-31,HPE,5,441.0,False,D_gt250,True,9.0,True,13.0,False,,0.13290632506004796,-0.01599443671766343
2026-03-31,LITE,12,451.0,False,D_gt250,True,1.0,False,,False,,-0.03998568344760478,-0.04110109372032489
2026-03-31,LYB,1,496.0,False,D_gt250,True,1.0,True,3.0,False,,-0.04458349628470848,-0.0792713567839195
2026-03-31,OXY,2,496.0,False,D_gt250,True,18.0,False,,False,,-0.03509607749722088,0.0
2026-03-31,SLB,2,442.0,False,D_gt250,True,17.0,False,,False,,0.12661812297734643,0.0008984725965859308
2026-04-01,APA,4,497.0,False,D_gt250,True,15.0,False,,False,,0.05109677419354841,0.010168650793650702
2026-04-01,SLB,1,442.0,False,D_gt250,True,17.0,False,,False,,0.15048543689320404,0.022102425876010745
2026-04-02,ETR,6,410.0,False,D_gt250,False,,False,,False,,0.009537847914679709,
2026-04-06,INTC,13,74.0,False,A_51-100,True,1.0,True,1.0,True,1.0,0.434261755016472,0.1604070753574025
2026-04-07,DOW,1,493.0,False,D_gt250,True,17.0,False,,False,,0.038696537678207577,0.012658227848101111
2026-04-07,GLW,8,485.0,False,D_gt250,False,,False,,False,,-0.013870300523178059,
2026-04-07,INTC,12,74.0,False,A_51-100,True,1.0,True,1.0,True,1.0,0.6194968553459119,0.31027380663920523
2026-04-07,SATS,2,479.0,False,D_gt250,True,1.0,True,1.0,False,,-0.022899492047630976,-0.08748736293646475
2026-04-08,INTC,11,74.0,False,A_51-100,True,1.0,True,1.0,True,1.0,0.6922731356693621,0.3691543494063485
2026-04-08,MPWR,17,117.0,False,B_101-150,False,,False,,False,,0.043492813297294486,
2026-04-09,GLW,6,485.0,False,D_gt250,False,,False,,False,,0.10962404185424024,
2026-04-09,INTC,10,74.0,False,A_51-100,True,1.0,True,1.0,True,1.0,0.6415094339622642,0.3280833535255634
2026-04-09,MPWR,16,242.0,False,C_151-250,False,,False,,False,,-0.004749033773713607,
2026-04-10,COHR,10,410.0,False,D_gt250,False,,False,,False,,-0.0024695766015054854,
2026-04-10,INTC,9,74.0,False,A_51-100,True,1.0,True,1.0,True,1.0,0.8706199460916442,0.513448025199903
2026-04-10,LRCX,8,452.0,False,D_gt250,True,10.0,False,,False,,0.107324421012992,-0.010499040952989924
2026-04-10,MPWR,15,296.0,False,D_gt250,False,,False,,False,,0.0109631949882536,
2026-04-13,AVGO,11,281.0,False,D_gt250,False,,False,,False,,0.07153040042017866,
2026-04-13,COHR,9,410.0,False,D_gt250,True,11.0,True,11.0,False,,0.12972715641643617,0.0
2026-04-13,INTC,8,74.0,False,A_51-100,True,1.0,True,1.0,True,1.0,0.9383048817011082,0.5682093530409498
2026-04-13,LRCX,7,452.0,False,D_gt250,True,10.0,False,,False,,0.11485595932969317,-0.0037688864959450896
2026-04-13,MPWR,14,296.0,False,D_gt250,False,,False,,False,,0.04901861722282552,
2026-04-14,COHR,8,410.0,False,D_gt250,True,11.0,True,11.0,False,,0.11282692136034989,-0.014959572282651656
2026-04-14,INTC,7,74.0,False,A_51-100,True,1.0,True,1.0,True,1.0,0.8060796645702306,0.46123091834262153
2026-04-14,LRCX,6,452.0,False,D_gt250,True,10.0,False,,False,,0.08921107136132544,-0.026685062422182604
2026-04-14,MPWR,13,296.0,False,D_gt250,False,,False,,False,,0.01012958799605923,
2026-04-14,VRT,6,329.0,False,D_gt250,True,1.0,True,10.0,False,,0.20315265124205295,0.14104118104118113
2026-04-15,AVGO,9,281.0,False,D_gt250,False,,False,,False,,0.042418027661756286,
2026-04-15,COHR,7,410.0,False,D_gt250,True,11.0,True,11.0,True,13.0,0.20119610818530753,0.06326213489952326
2026-04-15,HOOD,9,494.0,False,D_gt250,False,,False,,False,,-0.06482271231875225,
2026-04-15,INTC,6,74.0,False,A_51-100,True,1.0,True,1.0,True,1.0,0.8012878107217731,0.4573540101768838
2026-04-16,ANET,8,495.0,False,D_gt250,True,1.0,False,,False,,-0.1057535241091414,-0.1237253972018022
2026-04-16,AVGO,8,281.0,False,D_gt250,False,,False,,False,,0.09994247555210967,
2026-04-16,COHR,6,410.0,False,D_gt250,True,11.0,True,11.0,True,13.0,0.20485584218512898,0.06650161974242152
2026-04-16,INTC,5,74.0,False,A_51-100,True,1.0,True,1.0,True,1.0,0.735998802036538,0.4045311364187061
2026-04-16,MPWR,11,296.0,False,D_gt250,False,,False,,False,,0.019255058478793607,
2026-04-16,ON,15,139.0,False,B_101-150,True,3.0,True,5.0,False,,0.1765232084285857,0.1369705119585054
2026-04-17,ANET,7,495.0,False,D_gt250,True,1.0,False,,False,,-0.1410853651158569,-0.15834716623191847
2026-04-17,AVGO,7,281.0,False,D_gt250,False,,False,,False,,0.06342695645649399,
2026-04-17,COHR,5,410.0,False,D_gt250,True,11.0,True,11.0,True,13.0,0.13793924246481604,0.007269087940161789
2026-04-17,HOOD,7,494.0,False,D_gt250,True,12.0,False,,False,,-0.060070671378091745,-0.04411400247831476
2026-04-17,INTC,4,74.0,False,A_51-100,True,1.0,True,1.0,True,1.0,0.6287810721772984,0.31778531621032213
2026-04-17,MPWR,10,296.0,False,D_gt250,False,,False,,False,,-0.021130674211230938,
2026-04-17,ON,14,139.0,False,B_101-150,True,3.0,True,5.0,False,,0.12424212304939863,0.08644702718278752
2026-04-20,ANET,6,495.0,False,D_gt250,True,1.0,False,,False,,-0.1426583580373887,-0.15988854635997152
2026-04-20,AVGO,6,281.0,False,D_gt250,False,,False,,False,,0.05222219443263376,
2026-04-20,COHR,4,410.0,False,D_gt250,True,11.0,True,11.0,True,13.0,0.0795620220774198,-0.04440464589533566
2026-04-20,HOOD,6,494.0,False,D_gt250,True,12.0,False,,False,,-0.059948824174484994,-0.04399008674101612
2026-04-20,INTC,3,74.0,False,A_51-100,True,1.0,True,1.0,True,1.0,0.6197963462114406,0.31051611339956375
2026-04-20,MPWR,9,425.0,False,D_gt250,False,,False,,False,,-0.06135221158461113,
2026-04-20,ON,13,139.0,False,B_101-150,True,3.0,True,5.0,False,,0.08766524202365567,0.05109979829026989
2026-04-21,ANET,5,495.0,False,D_gt250,True,1.0,False,,False,,-0.1434448544981547,-0.16065923642399804
2026-04-21,COHR,3,410.0,False,D_gt250,True,11.0,True,11.0,True,13.0,0.05218840191615337,-0.06863493902920803
2026-04-21,INTC,2,110.0,False,B_101-150,True,1.0,True,1.0,True,1.0,0.6591793950284515,0.3423794523867214
2026-04-21,MPWR,8,441.0,False,D_gt250,False,,False,,False,,-0.07285851415868849,
2026-04-21,ON,12,139.0,False,B_101-150,True,3.0,True,5.0,False,,0.05377199085577966,0.01834598021323597
2026-04-22,ANET,4,495.0,False,D_gt250,True,1.0,False,,False,,-0.15003932482303817,-0.16712117619160538
2026-04-22,APP,4,398.0,False,D_gt250,True,7.0,False,,False,,0.07404850455426137,-0.03325515665403822
2026-04-22,COHR,2,410.0,False,D_gt250,True,11.0,True,11.0,True,13.0,0.06667856824064988,-0.05580868603334299
2026-04-22,HOOD,4,494.0,False,D_gt250,True,12.0,False,,False,,-0.07688558547581315,-0.06121437422552656
2026-04-22,ON,11,139.0,False,B_101-150,True,3.0,True,5.0,False,,0.09541795050193813,0.05859187397944465
2026-04-22,SMCI,3,389.0,False,D_gt250,True,7.0,True,7.0,True,8.0,0.20143626570915618,-0.03462204270051916
2026-04-23,APP,3,398.0,False,D_gt250,True,7.0,False,,False,,0.08208805647729545,-0.02601880249363564
2026-04-23,MCHP,14,489.0,False,D_gt250,False,,False,,False,,-0.05790507703443282,
2026-04-23,MPWR,6,441.0,False,D_gt250,False,,False,,False,,-0.014038699573092228,
2026-04-23,ON,10,139.0,False,B_101-150,True,3.0,True,5.0,False,,0.08945432859556712,0.05282873883392569
2026-04-23,TXN,10,178.0,False,C_151-250,True,4.0,False,,False,,0.04610152853737204,-0.02595155709342556
2026-04-24,AMD,20,160.0,False,C_151-250,False,,False,,False,,0.0,
2026-04-24,INTC,17,434.0,False,D_gt250,True,2.0,False,,False,,0.08158844765342965,0.011308016877637161
2026-04-24,MCHP,13,489.0,False,D_gt250,False,,False,,False,,-0.033915830834453375,
2026-04-24,ON,9,139.0,False,B_101-150,True,3.0,True,5.0,False,,0.15495477586721007,0.11612717318221111
2026-04-24,TXN,9,178.0,False,C_151-250,True,4.0,False,,False,,0.08403449726546053,0.009368675328066844
2026-04-27,AMD,19,160.0,False,C_151-250,True,1.0,False,,False,,0.07781651729374772,0.0
2026-04-27,HOOD,1,494.0,False,D_gt250,True,12.0,False,,False,,-0.09723406847812832,-0.08190830235439905
2026-04-27,INTC,16,457.0,False,D_gt250,True,2.0,False,,False,,0.11480144404332138,0.042362869198312225
2026-04-27,MCHP,12,489.0,False,D_gt250,False,,False,,False,,0.01385585771895359,
2026-04-27,MU,19,258.0,False,D_gt250,True,1.0,True,1.0,False,,0.19291611185086555,0.0
2026-04-27,ON,8,139.0,False,B_101-150,True,3.0,True,5.0,True,12.0,0.26229997018189044,0.21986360580155595
2026-04-27,TXN,8,178.0,False,C_151-250,True,4.0,False,,False,,0.13900574954424338,0.06055363321799323
2026-04-28,AMD,18,160.0,False,C_151-250,True,1.0,False,,False,,0.05995593677140598,-0.016571077020778313
2026-04-28,INTC,15,457.0,False,D_gt250,True,2.0,False,,False,,0.09900722021660657,0.027594936708860818
2026-04-28,ON,7,139.0,False,B_101-150,True,3.0,True,5.0,True,12.0,0.24132789981115188,0.19959658053981366
2026-04-28,TXN,7,178.0,False,C_151-250,True,4.0,False,,False,,0.11292245126910672,0.03626689299471186
2026-04-29,AMD,17,160.0,False,C_151-250,True,1.0,False,,False,,0.10819019914012551,0.028180753735934427
2026-04-29,GNRC,10,460.0,False,D_gt250,False,,False,,False,,0.045650140318054255,
2026-04-29,INTC,14,457.0,False,D_gt250,True,2.0,False,,False,,0.09106498194945845,0.020168776371308095
2026-04-29,NXPI,10,220.0,False,C_151-250,True,7.0,False,,False,,0.10679936999430306,0.043637627579233174
2026-04-29,ON,6,139.0,False,B_101-150,True,3.0,True,5.0,True,12.0,0.2301958055859259,0.18883872826817782
2026-04-29,TXN,6,186.0,False,C_151-250,True,4.0,False,,False,,0.10766372177815176,0.031370372788405154
2026-04-30,AMD,16,160.0,False,C_151-250,True,1.0,False,,False,,0.10393360569827381,0.024231479092659214
2026-04-30,GNRC,9,460.0,False,D_gt250,False,,False,,False,,0.03988774555659513,
2026-04-30,INTC,13,457.0,False,D_gt250,True,2.0,False,,False,,0.0350180505415163,-0.03223628691983116
2026-04-30,NXPI,9,220.0,False,C_151-250,True,7.0,False,,False,,0.07687409939345202,0.015420103011343889
2026-04-30,ON,5,201.0,False,C_151-250,True,3.0,True,5.0,True,12.0,0.19888679057747738,0.15858226875420223
2026-04-30,QCOM,13,95.0,False,A_51-100,True,3.0,True,7.0,False,,0.2832677265988446,0.05399731273093722
2026-04-30,STX,12,384.0,False,D_gt250,False,,False,,False,,0.18757086550402224,
2026-04-30,TXN,5,315.0,False,D_gt250,True,4.0,False,,False,,0.07165895386341337,-0.0021544688907748633
2026-05-01,AMD,15,160.0,False,C_151-250,True,1.0,False,,False,,,
2026-05-01,GNRC,8,460.0,False,D_gt250,False,,False,,False,,,
2026-05-01,INTC,12,457.0,False,D_gt250,True,2.0,False,,False,,,
2026-05-01,NXPI,8,220.0,False,C_151-250,True,7.0,False,,False,,,
2026-05-01,ON,4,201.0,False,C_151-250,True,3.0,True,5.0,True,12.0,,
2026-05-01,QCOM,12,95.0,False,A_51-100,True,3.0,True,7.0,False,,,
2026-05-01,STX,11,384.0,False,D_gt250,False,,False,,False,,,
2026-05-01,TXN,4,315.0,False,D_gt250,True,4.0,False,,False,,,
2026-05-04,AMD,14,160.0,False,C_151-250,True,1.0,False,,False,,0.09116382537271939,0.01238365516283313
2026-05-04,INTC,11,457.0,False,D_gt250,True,2.0,False,,False,,-0.0132671480144404,-0.07738396624472577
2026-05-04,MU,14,258.0,False,D_gt250,True,1.0,True,1.0,True,2.0,0.37882822902796276,0.15584676519176677
2026-05-04,NXPI,7,220.0,False,C_151-250,True,7.0,False,,False,,0.04346369089507718,-0.01608367301797964
2026-05-04,ON,3,201.0,False,C_151-250,True,3.0,True,5.0,True,12.0,0.201868601530663,0.16146383632696182
2026-05-04,QCOM,11,95.0,False,A_51-100,True,3.0,True,7.0,False,,0.17064567251163032,-0.03850352704064486
2026-05-04,STX,10,384.0,False,D_gt250,True,10.0,False,,False,,0.243534366394903,0.0
2026-05-04,TXN,3,396.0,False,D_gt250,True,4.0,False,,False,,0.0279063244986677,-0.04289351700724686
2026-05-05,AMD,13,160.0,False,C_151-250,True,1.0,True,7.0,False,,0.11556972043378755,0.03502748615769313
2026-05-05,GNRC,6,460.0,False,D_gt250,False,,False,,False,,0.06484565014031807,
2026-05-05,INTC,10,457.0,False,D_gt250,True,2.0,False,,False,,-0.0259025270758122,-0.08919831223628683
2026-05-05,MCHP,6,489.0,False,D_gt250,False,,False,,False,,0.0025850480818943034,
2026-05-05,MU,13,258.0,False,D_gt250,True,1.0,True,1.0,True,2.0,0.4169107856191743,0.18777068357369275
2026-05-05,NXPI,6,220.0,False,C_151-250,True,7.0,False,,False,,0.08448108307362356,0.02259297879735822
2026-05-05,QCOM,10,95.0,False,A_51-100,True,3.0,True,7.0,False,,0.2312253974745666,0.011252939200537382
2026-05-05,STX,9,384.0,False,D_gt250,True,10.0,True,11.0,False,,0.2507558987095728,0.0058072639645703195
2026-05-06,AMD,12,160.0,False,C_151-250,True,1.0,True,7.0,False,,0.1604457658659708,0.07666355752247522
2026-05-06,INTC,9,457.0,False,D_gt250,True,2.0,False,,False,,0.017238267148014463,-0.04886075949367097
2026-05-06,MU,12,258.0,False,D_gt250,True,1.0,True,1.0,True,2.0,0.43750998668442076,0.20503862124391659
2026-05-06,NXPI,5,220.0,False,C_151-250,True,7.0,False,,False,,0.0786501792835359,0.017094827313805405
2026-05-06,QCOM,9,95.0,False,A_51-100,True,3.0,True,7.0,False,,0.27810439139103305,0.04975646624118246
2026-05-06,STX,8,384.0,False,D_gt250,True,10.0,True,11.0,False,,0.2697613519788349,0.021090680155439356
2026-05-07,AMD,11,160.0,False,C_151-250,True,1.0,True,7.0,False,,0.11912044662146282,0.03832185596062643
2026-05-07,CNC,4,324.0,False,D_gt250,True,2.0,True,4.0,False,,0.06614521339908186,0.07602539900463356
2026-05-07,DDOG,14,66.0,False,A_51-100,True,1.0,True,1.0,False,,0.08151305274373999,-0.015160703456640334
2026-05-07,DVA,9,442.0,False,D_gt250,False,,False,,False,,-0.023873622187230215,
2026-05-07,FTNT,14,60.0,False,A_51-100,True,1.0,False,,False,,0.15397070161912096,0.08480104370515318
2026-05-07,INTC,8,457.0,False,D_gt250,True,2.0,False,,False,,0.008844765342960415,-0.05670886075949366
2026-05-07,MU,11,258.0,False,D_gt250,True,1.0,True,1.0,True,2.0,0.32623169107856187,0.11175603875519036
2026-05-07,QCOM,8,95.0,False,A_51-100,True,3.0,True,7.0,False,,0.2400695260978476,0.018516963385958984
2026-05-07,SMCI,9,339.0,False,D_gt250,True,3.0,True,4.0,True,5.0,0.40167364016736395,0.26415094339622636
2026-05-07,STX,7,384.0,False,D_gt250,True,10.0,True,11.0,False,,0.24991901085254575,0.00513427262662014
2026-05-08,AKAM,10,489.0,False,D_gt250,False,,False,,False,,0.014195476465394208,
2026-05-08,AMD,10,160.0,False,C_151-250,True,1.0,True,7.0,False,,-0.0024170605976342463,-0.07444085018555635
2026-05-08,CNC,3,324.0,False,D_gt250,True,2.0,True,4.0,False,,0.05985376636626416,0.06967564784623304
2026-05-08,DDOG,13,66.0,False,A_51-100,True,1.0,True,1.0,False,,0.03938021665778724,-0.05352739033757825
2026-05-08,DVA,8,442.0,False,D_gt250,False,,False,,False,,-0.023924417128054043,
2026-05-08,FTNT,13,60.0,False,A_51-100,True,1.0,False,,False,,0.11549730146491921,0.04863376096252825
2026-05-08,INTC,7,494.0,False,D_gt250,True,2.0,False,,False,,-0.10496389891696745,-0.16312236286919835
2026-05-08,MU,10,258.0,False,D_gt250,True,1.0,True,1.0,True,2.0,0.15047936085219704,-0.0355739607983212
2026-05-08,QCOM,7,242.0,False,C_151-250,True,3.0,True,7.0,False,,0.1039312918562445,-0.09329862277460532
2026-05-08,STX,6,384.0,False,D_gt250,True,10.0,True,11.0,False,,0.14393121321742885,-0.08009682391507278
2026-05-11,AMD,9,160.0,False,C_151-250,True,1.0,True,7.0,False,,,
2026-05-11,FTNT,12,60.0,False,A_51-100,True,1.0,False,,False,,,
2026-05-11,INTC,6,494.0,False,D_gt250,True,2.0,False,,False,,,
2026-05-11,MU,9,258.0,False,D_gt250,True,1.0,True,1.0,True,2.0,,
2026-05-11,QCOM,6,242.0,False,C_151-250,True,3.0,True,7.0,False,,,
2026-05-11,STX,5,384.0,False,D_gt250,True,10.0,True,11.0,False,,,
2026-05-12,AMD,8,160.0,False,C_151-250,True,1.0,True,7.0,False,,0.04881179012213632,-0.026910635257695104
2026-05-12,DVA,6,442.0,False,D_gt250,False,,False,,False,,-0.024330776654645114,
2026-05-12,FTNT,11,60.0,False,A_51-100,True,1.0,False,,False,,0.10285273708558207,0.0367471189388997
2026-05-12,INTC,5,494.0,False,D_gt250,True,2.0,False,,False,,-0.004783393501805011,-0.06945147679324903
2026-05-12,MU,8,258.0,False,D_gt250,True,1.0,True,1.0,True,2.0,0.26402130492676434,0.05960619725856131
2026-05-12,QCOM,5,464.0,False,D_gt250,True,3.0,True,7.0,False,,0.11328664178722958,-0.08561471279811883
2026-05-12,STX,4,384.0,False,D_gt250,True,10.0,True,11.0,False,,0.18348091355758323,-0.04829255584742631
2026-05-13,AMD,7,427.0,False,D_gt250,True,1.0,True,7.0,False,,0.017090543517785717,-0.056341661870646376
2026-05-13,DVA,5,442.0,False,D_gt250,False,,False,,False,,0.006704932188754009,
2026-05-13,FTNT,10,150.0,False,B_101-150,True,1.0,False,,False,,0.06700077101002311,0.003044140030441289
2026-05-13,MU,7,258.0,False,D_gt250,True,1.0,True,1.0,True,2.0,0.24619174434087876,0.04465999910702334
2026-05-13,QCOM,4,495.0,False,D_gt250,True,3.0,True,7.0,False,,0.05015081028577262,-0.13747060799462552
2026-05-13,STX,3,384.0,False,D_gt250,True,10.0,True,11.0,False,,0.14196047729604233,-0.08168160996895557
2026-05-14,AMD,6,453.0,False,D_gt250,True,1.0,True,7.0,False,,-0.03232016427456097,-0.10218500069459602
2026-05-14,CRWD,15,400.0,False,D_gt250,False,,False,,False,,-0.09922262860003617,
2026-05-14,FTNT,9,150.0,False,B_101-150,True,1.0,True,11.0,False,,0.07077872012336162,0.006595636732622978
2026-05-14,MU,6,381.0,False,D_gt250,True,1.0,True,1.0,True,2.0,0.18758988015978684,-0.0044648836897799304
2026-05-15,CRWD,14,400.0,False,D_gt250,False,,False,,False,,-0.03832621785868262,
2026-05-15,FTNT,8,150.0,False,B_101-150,True,1.0,True,11.0,False,,0.11842713955281425,0.05138798289483226
2026-05-15,MU,5,381.0,False,D_gt250,True,1.0,True,1.0,True,2.0,0.3260585885486018,0.11161093003527256
2026-05-18,AMD,4,453.0,False,D_gt250,True,1.0,True,7.0,False,,0.09424397339094348,0.015241421738871663
2026-05-18,CRWD,13,446.0,False,D_gt250,False,,False,,False,,-0.050466561904629614,
2026-05-18,FTNT,7,150.0,False,B_101-150,True,1.0,True,11.0,False,,0.12798766383963,0.060375443937087825
2026-05-19,CRWD,12,446.0,False,D_gt250,False,,False,,False,,,
2026-05-19,CSCO,7,318.0,False,D_gt250,True,5.0,False,,False,,,
2026-05-19,FTNT,6,150.0,False,B_101-150,True,1.0,True,11.0,False,,,
2026-05-20,CRWD,11,463.0,False,D_gt250,False,,False,,False,,-0.036407125672725305,
2026-05-20,FTNT,5,293.0,False,D_gt250,True,1.0,True,11.0,False,,0.15258288357748673,0.08349641226353555
2026-05-21,CRWD,10,463.0,False,D_gt250,False,,False,,False,,-0.05506960185790377,
2026-05-21,CSCO,5,358.0,False,D_gt250,True,5.0,False,,False,,-0.0070586281348613555,-0.08023076923076933
2026-05-21,FTNT,4,293.0,False,D_gt250,True,1.0,True,11.0,False,,0.13353893600616829,0.0655939697035588
2026-05-21,GEN,4,465.0,False,D_gt250,True,3.0,False,,False,,0.0008146639511201759,-0.11491354466858794
2026-05-21,HUM,3,254.0,False,D_gt250,True,7.0,True,8.0,True,11.0,0.2064191726254614,0.05628930817610067
2026-05-21,MU,1,381.0,False,D_gt250,True,1.0,True,1.0,True,2.0,0.3592010652463382,0.13939366879492798
2026-05-21,PANW,10,430.0,False,D_gt250,True,1.0,False,,False,,0.0023276633840643157,0.028854989891563987
2026-05-22,CRWD,9,463.0,False,D_gt250,False,,False,,False,,-0.05024405846277935,
2026-05-22,CSCO,4,421.0,False,D_gt250,True,5.0,False,,False,,-0.025660189337319395,-0.09746153846153849
2026-05-22,FTNT,3,336.0,False,D_gt250,True,1.0,True,11.0,False,,0.11133384734001539,0.04471986663767469
2026-05-22,HPE,18,468.0,False,D_gt250,False,,False,,False,,-0.01672786617707056,
2026-05-22,NTAP,16,477.0,False,D_gt250,False,,False,,False,,-0.04207660417053405,
2026-05-22,SWKS,6,484.0,False,D_gt250,False,,False,,False,,-0.08093787256590279,
2026-05-26,CRWD,8,463.0,False,D_gt250,False,,False,,False,,-0.047601830090809205,
2026-05-26,CSCO,3,421.0,False,D_gt250,True,5.0,False,,False,,-0.007307756186679892,-0.08046153846153836
2026-05-26,DELL,15,467.0,False,D_gt250,False,,False,,False,,0.03521500619359408,
2026-05-26,HPE,17,468.0,False,D_gt250,False,,False,,False,,-0.032843737250102145,
2026-05-26,NTAP,15,477.0,False,D_gt250,False,,False,,False,,-0.011756698224119844,
2026-05-26,ON,2,479.0,False,D_gt250,True,4.0,True,5.0,False,,-0.017370929950714986,-0.05457089552238792
2026-05-26,SWKS,5,484.0,False,D_gt250,False,,False,,False,,-0.040270234468141375,
2026-05-27,DELL,14,467.0,False,D_gt250,False,,False,,False,,0.05849786384205058,
2026-05-27,F,10,484.0,False,D_gt250,False,,False,,False,,-0.05933333333333335,
2026-05-27,HPE,16,468.0,False,D_gt250,False,,False,,False,,-0.01264789881680961,
2026-05-27,HPQ,10,480.0,False,D_gt250,False,,False,,False,,-0.07249802994483845,
2026-05-27,MU,11,381.0,False,D_gt250,True,2.0,True,8.0,True,9.0,0.2943615168449285,0.21640374747708035
2026-05-27,NTAP,14,477.0,False,D_gt250,False,,False,,False,,-0.020419528494523886,
2026-05-27,ON,1,479.0,False,D_gt250,True,4.0,True,5.0,False,,0.0628585279146805,0.022621268656716653
2026-05-28,APP,10,495.0,False,D_gt250,False,,False,,False,,-0.10333307733661024,
2026-05-28,DELL,13,467.0,False,D_gt250,False,,False,,False,,0.08142680183027018,
2026-05-28,F,9,484.0,False,D_gt250,False,,False,,False,,-0.06666666666666665,
2026-05-28,IBM,12,480.0,False,D_gt250,False,,False,,False,,-0.03605603056212492,
2026-05-28,SMCI,11,497.0,False,D_gt250,False,,False,,False,,0.138366928595832,
2026-05-29,DELL,12,467.0,False,D_gt250,True,8.0,True,8.0,False,,0.09730262658947852,0.0
2026-05-29,HPQ,8,480.0,False,D_gt250,False,,False,,False,,-0.08234830575256102,
2026-05-29,IBM,11,480.0,False,D_gt250,False,,False,,False,,-0.043259959978170115,
2026-05-29,NOW,9,494.0,False,D_gt250,False,,False,,False,,-0.1231186313919791,
2026-05-29,NTAP,12,477.0,False,D_gt250,False,,False,,False,,-0.03743580223996046,
2026-05-29,SMCI,10,497.0,False,D_gt250,False,,False,,False,,0.10864366245302359,
2026-06-01,DELL,10,467.0,False,D_gt250,True,8.0,True,8.0,False,,0.009909750486639668,-0.07964336727641341
2026-06-01,HPE,12,468.0,False,D_gt250,False,,False,,False,,-0.10832313341493272,
2026-06-01,HPQ,6,480.0,False,D_gt250,False,,False,,False,,-0.0985027580772262,
2026-06-01,IBM,9,480.0,False,D_gt250,False,,False,,False,,-0.011715481171548192,
2026-06-01,MGM,12,413.0,False,D_gt250,False,,False,,False,,0.011723570547099937,
2026-06-01,MU,7,381.0,False,D_gt250,True,2.0,True,8.0,True,9.0,0.2098964621910695,0.13702591703736422
2026-06-01,NOW,7,494.0,False,D_gt250,False,,False,,False,,-0.08067682527811537,
2026-06-01,NTAP,10,477.0,False,D_gt250,False,,False,,False,,-0.05667966091207244,
2026-06-01,SMCI,8,497.0,False,D_gt250,False,,False,,False,,0.04646395626921751,
2026-06-02,DELL,9,467.0,False,D_gt250,True,8.0,True,8.0,False,,,
2026-06-02,HPE,11,468.0,False,D_gt250,False,,False,,False,,,
2026-06-02,IBM,8,480.0,False,D_gt250,False,,False,,False,,,
2026-06-02,MU,6,381.0,False,D_gt250,True,2.0,True,8.0,True,9.0,,
2026-06-02,NTAP,9,477.0,False,D_gt250,False,,False,,False,,,
2026-06-02,ORCL,6,493.0,False,D_gt250,False,,False,,False,,,
2026-06-02,SMCI,7,497.0,False,D_gt250,False,,False,,False,,,
2026-06-03,DELL,8,467.0,False,D_gt250,True,8.0,True,8.0,False,,0.09072983289936043,-0.005989955305718109
2026-06-03,HPE,10,468.0,False,D_gt250,False,,False,,False,,-0.07976336189310496,
2026-06-03,IBM,7,480.0,False,D_gt250,False,,False,,False,,0.023139894487902435,
2026-06-03,MGM,10,413.0,False,D_gt250,False,,False,,False,,-0.016659810777457706,
2026-06-03,MU,5,381.0,False,D_gt250,True,2.0,True,8.0,True,9.0,0.23336075820876379,0.1590769879602758
2026-06-03,NTAP,8,477.0,False,D_gt250,False,,False,,False,,-0.04238599096590567,
2026-06-03,SMCI,6,497.0,False,D_gt250,False,,False,,False,,0.0020498804236419588,
