,conid,candidate_date,ticker,mle_rank,irc_rank,source_signal_label
0,10291,2025-07-09,NKE,6,3,MLE_TOP10xIRC_TOP10_20d
1,11520,2025-07-09,RCL,7,1,MLE_TOP10xIRC_TOP10_20d
2,16454492,2025-07-09,WYNN,5,2,MLE_TOP10xIRC_TOP10_20d
3,32602412,2025-07-09,LVS,10,2,MLE_TOP10xIRC_TOP10_20d
4,9282,2025-07-10,LUV,10,7,MLE_TOP10xIRC_TOP10_20d
5,10291,2025-07-10,NKE,4,4,MLE_TOP10xIRC_TOP10_20d
6,11520,2025-07-10,RCL,7,1,MLE_TOP10xIRC_TOP10_20d
7,16454492,2025-07-10,WYNN,5,2,MLE_TOP10xIRC_TOP10_20d
8,79498203,2025-07-10,UAL,8,7,MLE_TOP10xIRC_TOP10_20d
9,120643512,2025-07-10,NCLH,6,1,MLE_TOP10xIRC_TOP10_20d
10,9282,2025-07-11,LUV,4,4,MLE_TOP10xIRC_TOP10_20d
11,10291,2025-07-11,NKE,8,5,MLE_TOP10xIRC_TOP10_20d
12,16454492,2025-07-11,WYNN,3,2,MLE_TOP10xIRC_TOP10_20d
13,44001820,2025-07-11,DAL,9,4,MLE_TOP10xIRC_TOP10_20d
14,120643512,2025-07-11,NCLH,7,1,MLE_TOP10xIRC_TOP10_20d
15,9282,2025-07-14,LUV,5,2,MLE_TOP10xIRC_TOP10_20d
16,16454492,2025-07-14,WYNN,4,3,MLE_TOP10xIRC_TOP10_20d
17,32602412,2025-07-14,LVS,10,3,MLE_TOP10xIRC_TOP10_20d
18,44001820,2025-07-14,DAL,6,2,MLE_TOP10xIRC_TOP10_20d
19,120643512,2025-07-14,NCLH,8,1,MLE_TOP10xIRC_TOP10_20d
20,292491487,2025-07-14,TPR,7,6,MLE_TOP10xIRC_TOP10_20d
21,9282,2025-07-15,LUV,6,3,MLE_TOP10xIRC_TOP10_20d
22,8677881,2025-07-15,ON,8,6,MLE_TOP10xIRC_TOP10_20d
23,16454492,2025-07-15,WYNN,2,2,MLE_TOP10xIRC_TOP10_20d
24,32602412,2025-07-15,LVS,4,2,MLE_TOP10xIRC_TOP10_20d
25,44001820,2025-07-15,DAL,7,3,MLE_TOP10xIRC_TOP10_20d
26,120643512,2025-07-15,NCLH,9,1,MLE_TOP10xIRC_TOP10_20d
27,292491487,2025-07-15,TPR,3,5,MLE_TOP10xIRC_TOP10_20d
28,4391,2025-07-16,AMD,3,8,MLE_TOP10xIRC_TOP10_20d
29,44001820,2025-07-16,DAL,7,3,MLE_TOP10xIRC_TOP10_20d
30,292491487,2025-07-16,TPR,4,4,MLE_TOP10xIRC_TOP10_20d
31,292491487,2025-07-17,TPR,2,5,MLE_TOP10xIRC_TOP10_20d
32,584127832,2025-07-17,COHR,8,7,MLE_TOP10xIRC_TOP10_20d
33,691984365,2025-07-17,GEV,9,3,MLE_TOP10xIRC_TOP10_20d
34,292491487,2025-07-18,TPR,6,4,MLE_TOP10xIRC_TOP10_20d
35,4391,2025-07-21,AMD,4,7,MLE_TOP10xIRC_TOP10_20d
36,79498203,2025-07-21,UAL,9,2,MLE_TOP10xIRC_TOP10_20d
37,292491487,2025-07-21,TPR,7,3,MLE_TOP10xIRC_TOP10_20d
38,268627,2025-07-22,DHI,5,6,MLE_TOP10xIRC_TOP10_20d
39,292491487,2025-07-22,TPR,6,3,MLE_TOP10xIRC_TOP10_20d
40,292491487,2025-07-23,TPR,8,2,MLE_TOP10xIRC_TOP10_20d
41,691984365,2025-07-23,GEV,3,3,MLE_TOP10xIRC_TOP10_20d
42,731466408,2025-07-23,TEL,4,10,MLE_TOP10xIRC_TOP10_20d
43,281316445,2025-07-24,BKR,8,6,MLE_TOP10xIRC_TOP10_20d
44,691984365,2025-07-24,GEV,7,3,MLE_TOP10xIRC_TOP10_20d
45,268376,2025-07-25,DECK,10,3,MLE_TOP10xIRC_TOP10_20d
46,6607708,2025-07-25,FIX,1,1,MLE_TOP10xIRC_TOP10_20d
47,691984365,2025-07-25,GEV,5,5,MLE_TOP10xIRC_TOP10_20d
48,731466408,2025-07-25,TEL,7,10,MLE_TOP10xIRC_TOP10_20d
49,6607708,2025-07-28,FIX,1,1,MLE_TOP10xIRC_TOP10_20d
50,281316445,2025-07-28,BKR,9,6,MLE_TOP10xIRC_TOP10_20d
51,691984365,2025-07-28,GEV,10,3,MLE_TOP10xIRC_TOP10_20d
52,731466408,2025-07-28,TEL,5,8,MLE_TOP10xIRC_TOP10_20d
53,6820,2025-07-29,EME,10,1,MLE_TOP10xIRC_TOP10_20d
54,268376,2025-07-29,DECK,8,5,MLE_TOP10xIRC_TOP10_20d
55,6607708,2025-07-29,FIX,2,1,MLE_TOP10xIRC_TOP10_20d
56,281316445,2025-07-29,BKR,9,2,MLE_TOP10xIRC_TOP10_20d
57,731466408,2025-07-29,TEL,5,8,MLE_TOP10xIRC_TOP10_20d
58,6607708,2025-07-30,FIX,1,1,MLE_TOP10xIRC_TOP10_20d
59,72529783,2025-07-30,GNRC,3,3,MLE_TOP10xIRC_TOP10_20d
60,281316445,2025-07-30,BKR,7,8,MLE_TOP10xIRC_TOP10_20d
61,731466408,2025-07-30,TEL,9,7,MLE_TOP10xIRC_TOP10_20d
62,7655,2025-07-31,GLW,7,10,MLE_TOP10xIRC_TOP10_20d
63,4347086,2025-07-31,EBAY,4,8,MLE_TOP10xIRC_TOP10_20d
64,6607708,2025-07-31,FIX,2,2,MLE_TOP10xIRC_TOP10_20d
65,72529783,2025-07-31,GNRC,1,3,MLE_TOP10xIRC_TOP10_20d
66,691984365,2025-07-31,GEV,8,1,MLE_TOP10xIRC_TOP10_20d
67,731466408,2025-07-31,TEL,9,7,MLE_TOP10xIRC_TOP10_20d
68,268627,2025-08-01,DHI,7,3,MLE_TOP10xIRC_TOP10_20d
69,6607708,2025-08-01,FIX,2,1,MLE_TOP10xIRC_TOP10_20d
70,72529783,2025-08-01,GNRC,1,6,MLE_TOP10xIRC_TOP10_20d
71,691984365,2025-08-01,GEV,6,2,MLE_TOP10xIRC_TOP10_20d
72,268627,2025-08-04,DHI,8,3,MLE_TOP10xIRC_TOP10_20d
73,5019164,2025-08-04,WSM,9,10,MLE_TOP10xIRC_TOP10_20d
74,6607708,2025-08-04,FIX,3,1,MLE_TOP10xIRC_TOP10_20d
75,72529783,2025-08-04,GNRC,2,5,MLE_TOP10xIRC_TOP10_20d
76,691984365,2025-08-04,GEV,7,2,MLE_TOP10xIRC_TOP10_20d
77,6607708,2025-08-05,FIX,2,1,MLE_TOP10xIRC_TOP10_20d
78,691984365,2025-08-05,GEV,5,2,MLE_TOP10xIRC_TOP10_20d
79,6607708,2025-08-06,FIX,2,1,MLE_TOP10xIRC_TOP10_20d
80,7655,2025-08-07,GLW,9,4,MLE_TOP10xIRC_TOP10_20d
81,6607708,2025-08-07,FIX,2,2,MLE_TOP10xIRC_TOP10_20d
82,740948854,2025-08-07,ANET,4,4,MLE_TOP10xIRC_TOP10_20d
83,7655,2025-08-08,GLW,5,3,MLE_TOP10xIRC_TOP10_20d
84,4347086,2025-08-08,EBAY,10,6,MLE_TOP10xIRC_TOP10_20d
85,481863646,2025-08-08,APP,1,6,MLE_TOP10xIRC_TOP10_20d
86,740948854,2025-08-08,ANET,3,3,MLE_TOP10xIRC_TOP10_20d
87,7655,2025-08-11,GLW,4,3,MLE_TOP10xIRC_TOP10_20d
88,4347086,2025-08-11,EBAY,3,8,MLE_TOP10xIRC_TOP10_20d
89,481863646,2025-08-11,APP,2,8,MLE_TOP10xIRC_TOP10_20d
90,740948854,2025-08-11,ANET,5,3,MLE_TOP10xIRC_TOP10_20d
91,4347086,2025-08-12,EBAY,3,8,MLE_TOP10xIRC_TOP10_20d
92,481863646,2025-08-12,APP,2,8,MLE_TOP10xIRC_TOP10_20d
93,740948854,2025-08-12,ANET,7,4,MLE_TOP10xIRC_TOP10_20d
94,9091,2025-08-13,LEN,8,1,MLE_TOP10xIRC_TOP10_20d
95,655276609,2025-08-13,CRH,6,2,MLE_TOP10xIRC_TOP10_20d
96,9091,2025-08-14,LEN,8,1,MLE_TOP10xIRC_TOP10_20d
97,270639,2025-08-14,INTC,3,10,MLE_TOP10xIRC_TOP10_20d
98,32106121,2025-08-14,MPWR,5,10,MLE_TOP10xIRC_TOP10_20d
99,98542021,2025-08-14,EXPE,10,9,MLE_TOP10xIRC_TOP10_20d
100,655276609,2025-08-14,CRH,7,4,MLE_TOP10xIRC_TOP10_20d
101,13272,2025-08-15,UNH,1,5,MLE_TOP10xIRC_TOP10_20d
102,44001820,2025-08-15,DAL,7,7,MLE_TOP10xIRC_TOP10_20d
103,79498203,2025-08-15,UAL,6,7,MLE_TOP10xIRC_TOP10_20d
104,655276609,2025-08-15,CRH,10,4,MLE_TOP10xIRC_TOP10_20d
105,740948854,2025-08-15,ANET,8,3,MLE_TOP10xIRC_TOP10_20d
106,8251,2025-08-18,HUM,9,5,MLE_TOP10xIRC_TOP10_20d
107,13272,2025-08-18,UNH,1,5,MLE_TOP10xIRC_TOP10_20d
108,44001820,2025-08-18,DAL,8,4,MLE_TOP10xIRC_TOP10_20d
109,79498203,2025-08-18,UAL,6,4,MLE_TOP10xIRC_TOP10_20d
110,740948854,2025-08-18,ANET,10,6,MLE_TOP10xIRC_TOP10_20d
111,13272,2025-08-19,UNH,2,5,MLE_TOP10xIRC_TOP10_20d
112,44001820,2025-08-19,DAL,9,1,MLE_TOP10xIRC_TOP10_20d
113,79498203,2025-08-19,UAL,6,1,MLE_TOP10xIRC_TOP10_20d
114,98542021,2025-08-19,EXPE,10,10,MLE_TOP10xIRC_TOP10_20d
115,655276609,2025-08-19,CRH,8,7,MLE_TOP10xIRC_TOP10_20d
116,13272,2025-08-20,UNH,1,7,MLE_TOP10xIRC_TOP10_20d
117,270639,2025-08-20,INTC,10,10,MLE_TOP10xIRC_TOP10_20d
118,13878278,2025-08-20,CNC,5,7,MLE_TOP10xIRC_TOP10_20d
119,8251,2025-08-21,HUM,3,3,MLE_TOP10xIRC_TOP10_20d
120,13272,2025-08-21,UNH,1,3,MLE_TOP10xIRC_TOP10_20d
121,13878278,2025-08-21,CNC,5,3,MLE_TOP10xIRC_TOP10_20d
122,346403540,2025-08-21,CI,10,3,MLE_TOP10xIRC_TOP10_20d
123,11520,2025-08-22,RCL,9,6,MLE_TOP10xIRC_TOP10_20d
124,13272,2025-08-22,UNH,2,5,MLE_TOP10xIRC_TOP10_20d
125,13878278,2025-08-22,CNC,8,5,MLE_TOP10xIRC_TOP10_20d
126,44001820,2025-08-22,DAL,7,3,MLE_TOP10xIRC_TOP10_20d
127,79498203,2025-08-22,UAL,6,3,MLE_TOP10xIRC_TOP10_20d
128,13272,2025-08-25,UNH,1,4,MLE_TOP10xIRC_TOP10_20d
129,13878278,2025-08-25,CNC,7,4,MLE_TOP10xIRC_TOP10_20d
130,79498203,2025-08-25,UAL,8,3,MLE_TOP10xIRC_TOP10_20d
131,11520,2025-08-26,RCL,5,7,MLE_TOP10xIRC_TOP10_20d
132,13272,2025-08-26,UNH,3,5,MLE_TOP10xIRC_TOP10_20d
133,47965865,2025-08-26,SATS,1,8,MLE_TOP10xIRC_TOP10_20d
134,11520,2025-08-27,RCL,2,4,MLE_TOP10xIRC_TOP10_20d
135,13272,2025-08-27,UNH,4,7,MLE_TOP10xIRC_TOP10_20d
136,47965865,2025-08-27,SATS,1,9,MLE_TOP10xIRC_TOP10_20d
137,11520,2025-08-28,RCL,3,5,MLE_TOP10xIRC_TOP10_20d
138,13272,2025-08-28,UNH,10,6,MLE_TOP10xIRC_TOP10_20d
139,16454492,2025-08-28,WYNN,5,7,MLE_TOP10xIRC_TOP10_20d
140,11520,2025-08-29,RCL,4,6,MLE_TOP10xIRC_TOP10_20d
141,16454492,2025-08-29,WYNN,3,5,MLE_TOP10xIRC_TOP10_20d
142,474515500,2025-08-29,APA,6,10,MLE_TOP10xIRC_TOP10_20d
143,13497,2025-09-02,VLO,5,5,MLE_TOP10xIRC_TOP10_20d
144,16454492,2025-09-02,WYNN,4,4,MLE_TOP10xIRC_TOP10_20d
145,47965865,2025-09-02,SATS,1,8,MLE_TOP10xIRC_TOP10_20d
146,89495776,2025-09-02,MPC,10,5,MLE_TOP10xIRC_TOP10_20d
147,201113895,2025-09-02,LITE,8,10,MLE_TOP10xIRC_TOP10_20d
148,474515500,2025-09-02,APA,2,5,MLE_TOP10xIRC_TOP10_20d
149,13497,2025-09-03,VLO,8,10,MLE_TOP10xIRC_TOP10_20d
150,47965865,2025-09-03,SATS,1,8,MLE_TOP10xIRC_TOP10_20d
151,474515500,2025-09-03,APA,9,10,MLE_TOP10xIRC_TOP10_20d
152,41045553,2025-09-04,CIEN,2,6,MLE_TOP10xIRC_TOP10_20d
153,47965865,2025-09-04,SATS,1,6,MLE_TOP10xIRC_TOP10_20d
154,474515500,2025-09-04,APA,10,9,MLE_TOP10xIRC_TOP10_20d
155,13681,2025-09-05,WDC,4,7,MLE_TOP10xIRC_TOP10_20d
156,41045553,2025-09-05,CIEN,2,9,MLE_TOP10xIRC_TOP10_20d
157,47965865,2025-09-05,SATS,1,9,MLE_TOP10xIRC_TOP10_20d
158,201113895,2025-09-05,LITE,3,7,MLE_TOP10xIRC_TOP10_20d
159,313130367,2025-09-05,AVGO,10,6,MLE_TOP10xIRC_TOP10_20d
160,491932113,2025-09-05,STX,5,7,MLE_TOP10xIRC_TOP10_20d
161,13681,2025-09-08,WDC,5,5,MLE_TOP10xIRC_TOP10_20d
162,201113895,2025-09-08,LITE,3,5,MLE_TOP10xIRC_TOP10_20d
163,313130367,2025-09-08,AVGO,7,7,MLE_TOP10xIRC_TOP10_20d
164,491932113,2025-09-08,STX,6,5,MLE_TOP10xIRC_TOP10_20d
165,9939,2025-09-09,MU,7,7,MLE_TOP10xIRC_TOP10_20d
166,13681,2025-09-09,WDC,5,4,MLE_TOP10xIRC_TOP10_20d
167,201113895,2025-09-09,LITE,4,4,MLE_TOP10xIRC_TOP10_20d
168,208813719,2025-09-09,GOOGL,8,9,MLE_TOP10xIRC_TOP10_20d
169,208813720,2025-09-09,GOOG,9,9,MLE_TOP10xIRC_TOP10_20d
170,313130367,2025-09-09,AVGO,10,7,MLE_TOP10xIRC_TOP10_20d
171,481863646,2025-09-09,APP,3,9,MLE_TOP10xIRC_TOP10_20d
172,491932113,2025-09-09,STX,6,4,MLE_TOP10xIRC_TOP10_20d
173,41045553,2025-09-10,CIEN,2,9,MLE_TOP10xIRC_TOP10_20d
174,47965865,2025-09-10,SATS,1,9,MLE_TOP10xIRC_TOP10_20d
175,208813719,2025-09-10,GOOGL,10,8,MLE_TOP10xIRC_TOP10_20d
176,481863646,2025-09-10,APP,6,8,MLE_TOP10xIRC_TOP10_20d
177,13878278,2025-09-11,CNC,10,10,MLE_TOP10xIRC_TOP10_20d
178,41045553,2025-09-11,CIEN,1,5,MLE_TOP10xIRC_TOP10_20d
179,47965865,2025-09-11,SATS,3,5,MLE_TOP10xIRC_TOP10_20d
180,13681,2025-09-12,WDC,8,9,MLE_TOP10xIRC_TOP10_20d
181,201113895,2025-09-12,LITE,7,9,MLE_TOP10xIRC_TOP10_20d
182,41045553,2025-09-15,CIEN,2,5,MLE_TOP10xIRC_TOP10_20d
183,76792991,2025-09-15,TSLA,9,8,MLE_TOP10xIRC_TOP10_20d
184,9939,2025-09-16,MU,4,9,MLE_TOP10xIRC_TOP10_20d
185,13681,2025-09-16,WDC,7,8,MLE_TOP10xIRC_TOP10_20d
186,41045553,2025-09-16,CIEN,2,10,MLE_TOP10xIRC_TOP10_20d
187,76792991,2025-09-16,TSLA,6,7,MLE_TOP10xIRC_TOP10_20d
188,201113895,2025-09-16,LITE,5,8,MLE_TOP10xIRC_TOP10_20d
189,491932113,2025-09-16,STX,10,8,MLE_TOP10xIRC_TOP10_20d
190,732440574,2025-09-16,LRCX,9,9,MLE_TOP10xIRC_TOP10_20d
191,9939,2025-09-17,MU,4,10,MLE_TOP10xIRC_TOP10_20d
192,41045553,2025-09-17,CIEN,2,9,MLE_TOP10xIRC_TOP10_20d
193,201113895,2025-09-17,LITE,8,8,MLE_TOP10xIRC_TOP10_20d
194,491932113,2025-09-17,STX,9,8,MLE_TOP10xIRC_TOP10_20d
195,732440574,2025-09-17,LRCX,6,10,MLE_TOP10xIRC_TOP10_20d
196,9939,2025-09-18,MU,2,3,MLE_TOP10xIRC_TOP10_20d
197,266093,2025-09-18,AMAT,10,3,MLE_TOP10xIRC_TOP10_20d
198,270639,2025-09-18,INTC,6,3,MLE_TOP10xIRC_TOP10_20d
199,76792991,2025-09-18,TSLA,7,8,MLE_TOP10xIRC_TOP10_20d
200,201113895,2025-09-18,LITE,9,5,MLE_TOP10xIRC_TOP10_20d
201,370757467,2025-09-18,CRWD,8,5,MLE_TOP10xIRC_TOP10_20d
202,481863646,2025-09-18,APP,5,9,MLE_TOP10xIRC_TOP10_20d
203,732440574,2025-09-18,LRCX,4,3,MLE_TOP10xIRC_TOP10_20d
204,9939,2025-09-19,MU,4,4,MLE_TOP10xIRC_TOP10_20d
205,270639,2025-09-19,INTC,8,4,MLE_TOP10xIRC_TOP10_20d
206,76792991,2025-09-19,TSLA,7,9,MLE_TOP10xIRC_TOP10_20d
207,370757467,2025-09-19,CRWD,9,3,MLE_TOP10xIRC_TOP10_20d
208,481863646,2025-09-19,APP,3,8,MLE_TOP10xIRC_TOP10_20d
209,504546674,2025-09-19,HOOD,6,8,MLE_TOP10xIRC_TOP10_20d
210,732440574,2025-09-19,LRCX,5,4,MLE_TOP10xIRC_TOP10_20d
211,9939,2025-09-22,MU,5,3,MLE_TOP10xIRC_TOP10_20d
212,13681,2025-09-22,WDC,9,4,MLE_TOP10xIRC_TOP10_20d
213,266093,2025-09-22,AMAT,7,3,MLE_TOP10xIRC_TOP10_20d
214,270957,2025-09-22,KLAC,10,3,MLE_TOP10xIRC_TOP10_20d
215,402783527,2025-09-22,VRT,6,1,MLE_TOP10xIRC_TOP10_20d
216,491932113,2025-09-22,STX,8,4,MLE_TOP10xIRC_TOP10_20d
217,732440574,2025-09-22,LRCX,3,3,MLE_TOP10xIRC_TOP10_20d
218,9939,2025-09-23,MU,4,4,MLE_TOP10xIRC_TOP10_20d
219,12729,2025-09-23,TER,9,4,MLE_TOP10xIRC_TOP10_20d
220,266093,2025-09-23,AMAT,5,4,MLE_TOP10xIRC_TOP10_20d
221,270639,2025-09-23,INTC,7,4,MLE_TOP10xIRC_TOP10_20d
222,270957,2025-09-23,KLAC,10,4,MLE_TOP10xIRC_TOP10_20d
223,491932113,2025-09-23,STX,8,1,MLE_TOP10xIRC_TOP10_20d
224,732440574,2025-09-23,LRCX,3,4,MLE_TOP10xIRC_TOP10_20d
225,9939,2025-09-24,MU,8,4,MLE_TOP10xIRC_TOP10_20d
226,13681,2025-09-24,WDC,9,3,MLE_TOP10xIRC_TOP10_20d
227,266093,2025-09-24,AMAT,4,4,MLE_TOP10xIRC_TOP10_20d
228,270639,2025-09-24,INTC,3,4,MLE_TOP10xIRC_TOP10_20d
229,270957,2025-09-24,KLAC,10,4,MLE_TOP10xIRC_TOP10_20d
230,76792991,2025-09-24,TSLA,2,8,MLE_TOP10xIRC_TOP10_20d
231,491932113,2025-09-24,STX,7,3,MLE_TOP10xIRC_TOP10_20d
232,732440574,2025-09-24,LRCX,6,4,MLE_TOP10xIRC_TOP10_20d
233,12729,2025-09-25,TER,4,4,MLE_TOP10xIRC_TOP10_20d
234,13681,2025-09-25,WDC,10,3,MLE_TOP10xIRC_TOP10_20d
235,265598,2025-09-25,AAPL,9,3,MLE_TOP10xIRC_TOP10_20d
236,266093,2025-09-25,AMAT,3,4,MLE_TOP10xIRC_TOP10_20d
237,270639,2025-09-25,INTC,1,4,MLE_TOP10xIRC_TOP10_20d
238,76792991,2025-09-25,TSLA,5,6,MLE_TOP10xIRC_TOP10_20d
239,481863646,2025-09-25,APP,7,9,MLE_TOP10xIRC_TOP10_20d
240,491932113,2025-09-25,STX,8,3,MLE_TOP10xIRC_TOP10_20d
241,7890,2025-09-26,HAL,7,1,MLE_TOP10xIRC_TOP10_20d
242,8314,2025-09-26,IBM,8,4,MLE_TOP10xIRC_TOP10_20d
243,12729,2025-09-26,TER,3,2,MLE_TOP10xIRC_TOP10_20d
244,13497,2025-09-26,VLO,10,7,MLE_TOP10xIRC_TOP10_20d
245,266093,2025-09-26,AMAT,2,2,MLE_TOP10xIRC_TOP10_20d
246,270639,2025-09-26,INTC,1,2,MLE_TOP10xIRC_TOP10_20d
247,481863646,2025-09-26,APP,5,10,MLE_TOP10xIRC_TOP10_20d
248,7890,2025-09-29,HAL,8,2,MLE_TOP10xIRC_TOP10_20d
249,12729,2025-09-29,TER,5,4,MLE_TOP10xIRC_TOP10_20d
250,13681,2025-09-29,WDC,9,3,MLE_TOP10xIRC_TOP10_20d
251,266093,2025-09-29,AMAT,3,4,MLE_TOP10xIRC_TOP10_20d
252,270639,2025-09-29,INTC,1,4,MLE_TOP10xIRC_TOP10_20d
253,12729,2025-09-30,TER,3,3,MLE_TOP10xIRC_TOP10_20d
254,13681,2025-09-30,WDC,7,2,MLE_TOP10xIRC_TOP10_20d
255,266093,2025-09-30,AMAT,5,3,MLE_TOP10xIRC_TOP10_20d
256,270639,2025-09-30,INTC,1,3,MLE_TOP10xIRC_TOP10_20d
257,13878278,2025-09-30,CNC,9,9,MLE_TOP10xIRC_TOP10_20d
258,182880167,2025-09-30,ES,10,10,MLE_TOP10xIRC_TOP10_20d
259,12729,2025-10-01,TER,3,2,MLE_TOP10xIRC_TOP10_20d
260,13681,2025-10-01,WDC,2,3,MLE_TOP10xIRC_TOP10_20d
261,266093,2025-10-01,AMAT,5,2,MLE_TOP10xIRC_TOP10_20d
262,270639,2025-10-01,INTC,1,2,MLE_TOP10xIRC_TOP10_20d
263,402783527,2025-10-01,VRT,7,1,MLE_TOP10xIRC_TOP10_20d
264,491932113,2025-10-01,STX,6,3,MLE_TOP10xIRC_TOP10_20d
265,731466419,2025-10-01,SMCI,10,3,MLE_TOP10xIRC_TOP10_20d
266,732440574,2025-10-01,LRCX,9,2,MLE_TOP10xIRC_TOP10_20d
267,12729,2025-10-02,TER,3,2,MLE_TOP10xIRC_TOP10_20d
268,13681,2025-10-02,WDC,1,3,MLE_TOP10xIRC_TOP10_20d
269,266093,2025-10-02,AMAT,5,2,MLE_TOP10xIRC_TOP10_20d
270,270639,2025-10-02,INTC,2,2,MLE_TOP10xIRC_TOP10_20d
271,491932113,2025-10-02,STX,6,3,MLE_TOP10xIRC_TOP10_20d
272,732440574,2025-10-02,LRCX,9,2,MLE_TOP10xIRC_TOP10_20d
273,9939,2025-10-03,MU,10,8,MLE_TOP10xIRC_TOP10_20d
274,12729,2025-10-03,TER,5,8,MLE_TOP10xIRC_TOP10_20d
275,13681,2025-10-03,WDC,3,2,MLE_TOP10xIRC_TOP10_20d
276,270639,2025-10-03,INTC,2,8,MLE_TOP10xIRC_TOP10_20d
277,13878278,2025-10-03,CNC,4,10,MLE_TOP10xIRC_TOP10_20d
278,4391,2025-10-06,AMD,1,2,MLE_TOP10xIRC_TOP10_20d
279,9939,2025-10-06,MU,7,2,MLE_TOP10xIRC_TOP10_20d
280,270639,2025-10-06,INTC,2,2,MLE_TOP10xIRC_TOP10_20d
281,731466419,2025-10-06,SMCI,5,6,MLE_TOP10xIRC_TOP10_20d
282,4391,2025-10-07,AMD,1,3,MLE_TOP10xIRC_TOP10_20d
283,270639,2025-10-07,INTC,2,3,MLE_TOP10xIRC_TOP10_20d
284,13878278,2025-10-07,CNC,5,9,MLE_TOP10xIRC_TOP10_20d
285,75960201,2025-10-07,NEE,7,6,MLE_TOP10xIRC_TOP10_20d
286,731466419,2025-10-07,SMCI,6,7,MLE_TOP10xIRC_TOP10_20d
287,4391,2025-10-08,AMD,1,6,MLE_TOP10xIRC_TOP10_20d
288,9939,2025-10-08,MU,4,6,MLE_TOP10xIRC_TOP10_20d
289,270639,2025-10-08,INTC,7,6,MLE_TOP10xIRC_TOP10_20d
290,346218218,2025-10-08,DELL,3,3,MLE_TOP10xIRC_TOP10_20d
291,731466419,2025-10-08,SMCI,2,3,MLE_TOP10xIRC_TOP10_20d
292,4391,2025-10-09,AMD,1,2,MLE_TOP10xIRC_TOP10_20d
293,9160,2025-10-09,LLY,9,8,MLE_TOP10xIRC_TOP10_20d
294,9939,2025-10-09,MU,5,2,MLE_TOP10xIRC_TOP10_20d
295,402783527,2025-10-09,VRT,7,1,MLE_TOP10xIRC_TOP10_20d
296,731466419,2025-10-09,SMCI,3,4,MLE_TOP10xIRC_TOP10_20d
297,4391,2025-10-10,AMD,1,7,MLE_TOP10xIRC_TOP10_20d
298,9160,2025-10-10,LLY,6,4,MLE_TOP10xIRC_TOP10_20d
299,9939,2025-10-10,MU,3,7,MLE_TOP10xIRC_TOP10_20d
300,346218218,2025-10-10,DELL,5,5,MLE_TOP10xIRC_TOP10_20d
301,402783527,2025-10-10,VRT,2,1,MLE_TOP10xIRC_TOP10_20d
302,731466419,2025-10-10,SMCI,4,5,MLE_TOP10xIRC_TOP10_20d
303,4391,2025-10-13,AMD,1,4,MLE_TOP10xIRC_TOP10_20d
304,9939,2025-10-13,MU,4,4,MLE_TOP10xIRC_TOP10_20d
305,2730877,2025-10-13,CRL,6,8,MLE_TOP10xIRC_TOP10_20d
306,346218218,2025-10-13,DELL,8,9,MLE_TOP10xIRC_TOP10_20d
307,402783527,2025-10-13,VRT,2,1,MLE_TOP10xIRC_TOP10_20d
308,731466419,2025-10-13,SMCI,3,9,MLE_TOP10xIRC_TOP10_20d
309,4391,2025-10-14,AMD,1,10,MLE_TOP10xIRC_TOP10_20d
310,9939,2025-10-14,MU,8,10,MLE_TOP10xIRC_TOP10_20d
311,75960201,2025-10-14,NEE,7,3,MLE_TOP10xIRC_TOP10_20d
312,402783527,2025-10-14,VRT,4,1,MLE_TOP10xIRC_TOP10_20d
313,538132976,2025-10-14,CEG,3,3,MLE_TOP10xIRC_TOP10_20d
314,731466419,2025-10-14,SMCI,10,9,MLE_TOP10xIRC_TOP10_20d
315,4391,2025-10-15,AMD,1,4,MLE_TOP10xIRC_TOP10_20d
316,5437,2025-10-15,CAT,9,1,MLE_TOP10xIRC_TOP10_20d
317,72529783,2025-10-15,GNRC,4,6,MLE_TOP10xIRC_TOP10_20d
318,79498203,2025-10-15,UAL,7,8,MLE_TOP10xIRC_TOP10_20d
319,402783527,2025-10-15,VRT,6,1,MLE_TOP10xIRC_TOP10_20d
320,538132976,2025-10-15,CEG,3,3,MLE_TOP10xIRC_TOP10_20d
321,4391,2025-10-16,AMD,1,6,MLE_TOP10xIRC_TOP10_20d
322,5437,2025-10-16,CAT,9,1,MLE_TOP10xIRC_TOP10_20d
323,9939,2025-10-16,MU,10,6,MLE_TOP10xIRC_TOP10_20d
324,270825,2025-10-16,JBHT,2,10,MLE_TOP10xIRC_TOP10_20d
325,32106121,2025-10-16,MPWR,8,6,MLE_TOP10xIRC_TOP10_20d
326,538132976,2025-10-16,CEG,7,2,MLE_TOP10xIRC_TOP10_20d
327,663174498,2025-10-16,BG,3,9,MLE_TOP10xIRC_TOP10_20d
328,4391,2025-10-17,AMD,1,6,MLE_TOP10xIRC_TOP10_20d
329,269753,2025-10-17,GILD,8,9,MLE_TOP10xIRC_TOP10_20d
330,270825,2025-10-17,JBHT,2,8,MLE_TOP10xIRC_TOP10_20d
331,32106121,2025-10-17,MPWR,7,6,MLE_TOP10xIRC_TOP10_20d
332,324057162,2025-10-17,KDP,10,4,MLE_TOP10xIRC_TOP10_20d
333,402783527,2025-10-17,VRT,9,1,MLE_TOP10xIRC_TOP10_20d
334,4391,2025-10-20,AMD,2,10,MLE_TOP10xIRC_TOP10_20d
335,11017,2025-10-20,PEP,8,5,MLE_TOP10xIRC_TOP10_20d
336,8677881,2025-10-20,ON,10,10,MLE_TOP10xIRC_TOP10_20d
337,324057162,2025-10-20,KDP,9,5,MLE_TOP10xIRC_TOP10_20d
338,663174498,2025-10-20,BG,5,9,MLE_TOP10xIRC_TOP10_20d
339,4391,2025-10-21,AMD,7,4,MLE_TOP10xIRC_TOP10_20d
340,2730877,2025-10-21,CRL,9,5,MLE_TOP10xIRC_TOP10_20d
341,8677881,2025-10-21,ON,5,4,MLE_TOP10xIRC_TOP10_20d
342,44001820,2025-10-21,DAL,10,8,MLE_TOP10xIRC_TOP10_20d
343,80986742,2025-10-21,GM,3,10,MLE_TOP10xIRC_TOP10_20d
344,11017,2025-10-22,PEP,8,2,MLE_TOP10xIRC_TOP10_20d
345,9063285,2025-10-22,ISRG,2,6,MLE_TOP10xIRC_TOP10_20d
346,80986742,2025-10-22,GM,1,9,MLE_TOP10xIRC_TOP10_20d
347,13909,2025-10-23,WST,6,6,MLE_TOP10xIRC_TOP10_20d
348,9063285,2025-10-23,ISRG,1,6,MLE_TOP10xIRC_TOP10_20d
349,80986742,2025-10-23,GM,3,7,MLE_TOP10xIRC_TOP10_20d
350,9939,2025-10-24,MU,7,5,MLE_TOP10xIRC_TOP10_20d
351,270957,2025-10-24,KLAC,9,5,MLE_TOP10xIRC_TOP10_20d
352,6607708,2025-10-24,FIX,10,1,MLE_TOP10xIRC_TOP10_20d
353,9063285,2025-10-24,ISRG,1,8,MLE_TOP10xIRC_TOP10_20d
354,4391,2025-10-27,AMD,7,3,MLE_TOP10xIRC_TOP10_20d
355,270957,2025-10-27,KLAC,10,3,MLE_TOP10xIRC_TOP10_20d
356,9063285,2025-10-27,ISRG,2,7,MLE_TOP10xIRC_TOP10_20d
357,201113895,2025-10-27,LITE,5,10,MLE_TOP10xIRC_TOP10_20d
358,4391,2025-10-28,AMD,9,3,MLE_TOP10xIRC_TOP10_20d
359,7890,2025-10-28,HAL,7,8,MLE_TOP10xIRC_TOP10_20d
360,9939,2025-10-28,MU,8,3,MLE_TOP10xIRC_TOP10_20d
361,6607708,2025-10-28,FIX,10,1,MLE_TOP10xIRC_TOP10_20d
362,9063285,2025-10-28,ISRG,2,6,MLE_TOP10xIRC_TOP10_20d
363,80986742,2025-10-28,GM,4,9,MLE_TOP10xIRC_TOP10_20d
364,201113895,2025-10-28,LITE,1,10,MLE_TOP10xIRC_TOP10_20d
365,7890,2025-10-29,HAL,5,4,MLE_TOP10xIRC_TOP10_20d
366,12729,2025-10-29,TER,4,3,MLE_TOP10xIRC_TOP10_20d
367,6607708,2025-10-29,FIX,8,2,MLE_TOP10xIRC_TOP10_20d
368,80986742,2025-10-29,GM,10,5,MLE_TOP10xIRC_TOP10_20d
369,201113895,2025-10-29,LITE,1,6,MLE_TOP10xIRC_TOP10_20d
370,491932113,2025-10-29,STX,7,6,MLE_TOP10xIRC_TOP10_20d
371,584127832,2025-10-29,COHR,2,9,MLE_TOP10xIRC_TOP10_20d
372,7890,2025-10-30,HAL,3,3,MLE_TOP10xIRC_TOP10_20d
373,12729,2025-10-30,TER,1,2,MLE_TOP10xIRC_TOP10_20d
374,80986742,2025-10-30,GM,8,10,MLE_TOP10xIRC_TOP10_20d
375,201113895,2025-10-30,LITE,5,4,MLE_TOP10xIRC_TOP10_20d
376,491932113,2025-10-30,STX,9,4,MLE_TOP10xIRC_TOP10_20d
377,7890,2025-10-31,HAL,7,4,MLE_TOP10xIRC_TOP10_20d
378,12729,2025-10-31,TER,1,2,MLE_TOP10xIRC_TOP10_20d
379,13681,2025-10-31,WDC,9,5,MLE_TOP10xIRC_TOP10_20d
380,80986742,2025-10-31,GM,10,6,MLE_TOP10xIRC_TOP10_20d
381,201113895,2025-10-31,LITE,3,5,MLE_TOP10xIRC_TOP10_20d
382,7890,2025-11-03,HAL,8,2,MLE_TOP10xIRC_TOP10_20d
383,12729,2025-11-03,TER,1,3,MLE_TOP10xIRC_TOP10_20d
384,13681,2025-11-03,WDC,2,4,MLE_TOP10xIRC_TOP10_20d
385,9063285,2025-11-03,ISRG,10,9,MLE_TOP10xIRC_TOP10_20d
386,201113895,2025-11-03,LITE,4,4,MLE_TOP10xIRC_TOP10_20d
387,491932113,2025-11-03,STX,5,4,MLE_TOP10xIRC_TOP10_20d
388,12729,2025-11-04,TER,3,4,MLE_TOP10xIRC_TOP10_20d
389,13681,2025-11-04,WDC,1,8,MLE_TOP10xIRC_TOP10_20d
390,4369855,2025-11-04,INCY,6,10,MLE_TOP10xIRC_TOP10_20d
391,9063285,2025-11-04,ISRG,8,7,MLE_TOP10xIRC_TOP10_20d
392,36320731,2025-11-04,CHRW,5,5,MLE_TOP10xIRC_TOP10_20d
393,201113895,2025-11-04,LITE,10,8,MLE_TOP10xIRC_TOP10_20d
394,491932113,2025-11-04,STX,7,8,MLE_TOP10xIRC_TOP10_20d
395,5407,2025-11-05,CAH,8,10,MLE_TOP10xIRC_TOP10_20d
396,12729,2025-11-05,TER,2,6,MLE_TOP10xIRC_TOP10_20d
397,4369855,2025-11-05,INCY,10,8,MLE_TOP10xIRC_TOP10_20d
398,32602412,2025-11-05,LVS,7,7,MLE_TOP10xIRC_TOP10_20d
399,36320731,2025-11-05,CHRW,9,3,MLE_TOP10xIRC_TOP10_20d
400,5407,2025-11-06,CAH,5,9,MLE_TOP10xIRC_TOP10_20d
401,4369855,2025-11-06,INCY,10,5,MLE_TOP10xIRC_TOP10_20d
402,36320731,2025-11-06,CHRW,9,2,MLE_TOP10xIRC_TOP10_20d
403,584127832,2025-11-06,COHR,2,6,MLE_TOP10xIRC_TOP10_20d
404,12729,2025-11-07,TER,2,6,MLE_TOP10xIRC_TOP10_20d
405,36320731,2025-11-07,CHRW,8,1,MLE_TOP10xIRC_TOP10_20d
406,584127832,2025-11-07,COHR,6,4,MLE_TOP10xIRC_TOP10_20d
407,13681,2025-11-10,WDC,1,7,MLE_TOP10xIRC_TOP10_20d
408,36320731,2025-11-10,CHRW,10,3,MLE_TOP10xIRC_TOP10_20d
409,201113895,2025-11-10,LITE,2,7,MLE_TOP10xIRC_TOP10_20d
410,491932113,2025-11-10,STX,3,7,MLE_TOP10xIRC_TOP10_20d
411,584127832,2025-11-10,COHR,7,5,MLE_TOP10xIRC_TOP10_20d
412,5407,2025-11-11,CAH,4,5,MLE_TOP10xIRC_TOP10_20d
413,9160,2025-11-11,LLY,7,5,MLE_TOP10xIRC_TOP10_20d
414,12729,2025-11-11,TER,6,10,MLE_TOP10xIRC_TOP10_20d
415,13681,2025-11-11,WDC,1,8,MLE_TOP10xIRC_TOP10_20d
416,4369855,2025-11-11,INCY,9,6,MLE_TOP10xIRC_TOP10_20d
417,201113895,2025-11-11,LITE,3,8,MLE_TOP10xIRC_TOP10_20d
418,491932113,2025-11-11,STX,2,8,MLE_TOP10xIRC_TOP10_20d
419,5407,2025-11-12,CAH,3,5,MLE_TOP10xIRC_TOP10_20d
420,9160,2025-11-12,LLY,1,5,MLE_TOP10xIRC_TOP10_20d
421,269082,2025-11-12,EXPD,7,1,MLE_TOP10xIRC_TOP10_20d
422,4369855,2025-11-12,INCY,6,4,MLE_TOP10xIRC_TOP10_20d
423,36320731,2025-11-12,CHRW,10,1,MLE_TOP10xIRC_TOP10_20d
424,9160,2025-11-13,LLY,2,4,MLE_TOP10xIRC_TOP10_20d
425,266145,2025-11-13,AMGN,10,1,MLE_TOP10xIRC_TOP10_20d
426,3655640,2025-11-13,HSIC,8,4,MLE_TOP10xIRC_TOP10_20d
427,9160,2025-11-14,LLY,2,5,MLE_TOP10xIRC_TOP10_20d
428,3655640,2025-11-14,HSIC,10,5,MLE_TOP10xIRC_TOP10_20d
429,201113895,2025-11-14,LITE,7,8,MLE_TOP10xIRC_TOP10_20d
430,9160,2025-11-17,LLY,6,5,MLE_TOP10xIRC_TOP10_20d
431,266145,2025-11-17,AMGN,5,1,MLE_TOP10xIRC_TOP10_20d
432,70101545,2025-11-17,MRK,8,5,MLE_TOP10xIRC_TOP10_20d
433,201113895,2025-11-17,LITE,2,10,MLE_TOP10xIRC_TOP10_20d
434,691984360,2025-11-17,SOLV,9,9,MLE_TOP10xIRC_TOP10_20d
435,9160,2025-11-18,LLY,7,4,MLE_TOP10xIRC_TOP10_20d
436,266145,2025-11-18,AMGN,4,1,MLE_TOP10xIRC_TOP10_20d
437,273733,2025-11-18,REGN,5,1,MLE_TOP10xIRC_TOP10_20d
438,26734397,2025-11-18,BIIB,9,1,MLE_TOP10xIRC_TOP10_20d
439,70101545,2025-11-18,MRK,6,4,MLE_TOP10xIRC_TOP10_20d
440,474515500,2025-11-18,APA,10,3,MLE_TOP10xIRC_TOP10_20d
441,9160,2025-11-19,LLY,6,3,MLE_TOP10xIRC_TOP10_20d
442,70101545,2025-11-19,MRK,7,3,MLE_TOP10xIRC_TOP10_20d
443,101898880,2025-11-19,EPAM,8,10,MLE_TOP10xIRC_TOP10_20d
444,201113895,2025-11-19,LITE,3,10,MLE_TOP10xIRC_TOP10_20d
445,474515500,2025-11-19,APA,10,5,MLE_TOP10xIRC_TOP10_20d
446,8719,2025-11-20,JNJ,10,2,MLE_TOP10xIRC_TOP10_20d
447,9160,2025-11-20,LLY,5,2,MLE_TOP10xIRC_TOP10_20d
448,273733,2025-11-20,REGN,4,1,MLE_TOP10xIRC_TOP10_20d
449,70101545,2025-11-20,MRK,6,2,MLE_TOP10xIRC_TOP10_20d
450,196986496,2025-11-20,MNST,9,8,MLE_TOP10xIRC_TOP10_20d
451,8719,2025-11-21,JNJ,9,2,MLE_TOP10xIRC_TOP10_20d
452,9160,2025-11-21,LLY,4,2,MLE_TOP10xIRC_TOP10_20d
453,273733,2025-11-21,REGN,3,1,MLE_TOP10xIRC_TOP10_20d
454,26734397,2025-11-21,BIIB,6,1,MLE_TOP10xIRC_TOP10_20d
455,33837089,2025-11-21,DXCM,8,2,MLE_TOP10xIRC_TOP10_20d
456,70101545,2025-11-21,MRK,5,2,MLE_TOP10xIRC_TOP10_20d
457,181387075,2025-11-21,MDT,7,7,MLE_TOP10xIRC_TOP10_20d
458,691984360,2025-11-21,SOLV,2,7,MLE_TOP10xIRC_TOP10_20d
459,9160,2025-11-24,LLY,10,2,MLE_TOP10xIRC_TOP10_20d
460,273733,2025-11-24,REGN,1,1,MLE_TOP10xIRC_TOP10_20d
461,26734397,2025-11-24,BIIB,6,1,MLE_TOP10xIRC_TOP10_20d
462,33837089,2025-11-24,DXCM,5,2,MLE_TOP10xIRC_TOP10_20d
463,70101545,2025-11-24,MRK,3,2,MLE_TOP10xIRC_TOP10_20d
464,181387075,2025-11-24,MDT,9,3,MLE_TOP10xIRC_TOP10_20d
465,691984360,2025-11-24,SOLV,2,3,MLE_TOP10xIRC_TOP10_20d
466,6737,2025-11-25,RVTY,10,6,MLE_TOP10xIRC_TOP10_20d
467,9160,2025-11-25,LLY,7,2,MLE_TOP10xIRC_TOP10_20d
468,273733,2025-11-25,REGN,2,1,MLE_TOP10xIRC_TOP10_20d
469,26734397,2025-11-25,BIIB,6,1,MLE_TOP10xIRC_TOP10_20d
470,70101545,2025-11-25,MRK,3,2,MLE_TOP10xIRC_TOP10_20d
471,691984360,2025-11-25,SOLV,4,6,MLE_TOP10xIRC_TOP10_20d
472,273733,2025-11-26,REGN,3,1,MLE_TOP10xIRC_TOP10_20d
473,26734397,2025-11-26,BIIB,6,1,MLE_TOP10xIRC_TOP10_20d
474,70101545,2025-11-26,MRK,5,3,MLE_TOP10xIRC_TOP10_20d
475,691984360,2025-11-26,SOLV,2,6,MLE_TOP10xIRC_TOP10_20d
476,691984360,2025-11-28,SOLV,8,8,MLE_TOP10xIRC_TOP10_20d
477,274144952,2025-12-01,CVNA,2,7,MLE_TOP10xIRC_TOP10_20d
478,270825,2025-12-02,JBHT,10,10,MLE_TOP10xIRC_TOP10_20d
479,44001820,2025-12-02,DAL,7,1,MLE_TOP10xIRC_TOP10_20d
480,79498203,2025-12-02,UAL,8,1,MLE_TOP10xIRC_TOP10_20d
481,274144952,2025-12-02,CVNA,6,7,MLE_TOP10xIRC_TOP10_20d
482,4157,2025-12-03,ADI,9,9,MLE_TOP10xIRC_TOP10_20d
483,270639,2025-12-03,INTC,1,9,MLE_TOP10xIRC_TOP10_20d
484,271568,2025-12-03,MCHP,4,9,MLE_TOP10xIRC_TOP10_20d
485,8677881,2025-12-03,ON,3,9,MLE_TOP10xIRC_TOP10_20d
486,77791077,2025-12-03,NXPI,10,9,MLE_TOP10xIRC_TOP10_20d
487,271568,2025-12-04,MCHP,2,10,MLE_TOP10xIRC_TOP10_20d
488,272667,2025-12-04,ODFL,8,6,MLE_TOP10xIRC_TOP10_20d
489,4157,2025-12-05,ADI,8,4,MLE_TOP10xIRC_TOP10_20d
490,12729,2025-12-05,TER,6,4,MLE_TOP10xIRC_TOP10_20d
491,271568,2025-12-05,MCHP,2,4,MLE_TOP10xIRC_TOP10_20d
492,12729,2025-12-08,TER,7,6,MLE_TOP10xIRC_TOP10_20d
493,271568,2025-12-08,MCHP,5,6,MLE_TOP10xIRC_TOP10_20d
494,12729,2025-12-09,TER,10,4,MLE_TOP10xIRC_TOP10_20d
495,268376,2025-12-09,DECK,9,2,MLE_TOP10xIRC_TOP10_20d
496,271568,2025-12-09,MCHP,3,4,MLE_TOP10xIRC_TOP10_20d
497,70212228,2025-12-09,DG,7,10,MLE_TOP10xIRC_TOP10_20d
498,274144952,2025-12-09,CVNA,1,10,MLE_TOP10xIRC_TOP10_20d
499,12729,2025-12-10,TER,9,5,MLE_TOP10xIRC_TOP10_20d
500,271568,2025-12-10,MCHP,4,5,MLE_TOP10xIRC_TOP10_20d
501,77791077,2025-12-10,NXPI,10,5,MLE_TOP10xIRC_TOP10_20d
502,584127832,2025-12-10,COHR,3,10,MLE_TOP10xIRC_TOP10_20d
503,691984365,2025-12-10,GEV,7,6,MLE_TOP10xIRC_TOP10_20d
504,271568,2025-12-11,MCHP,3,9,MLE_TOP10xIRC_TOP10_20d
505,70212228,2025-12-11,DG,7,10,MLE_TOP10xIRC_TOP10_20d
506,77791077,2025-12-11,NXPI,10,9,MLE_TOP10xIRC_TOP10_20d
507,274144952,2025-12-11,CVNA,2,10,MLE_TOP10xIRC_TOP10_20d
508,9282,2025-12-12,LUV,6,1,MLE_TOP10xIRC_TOP10_20d
509,268376,2025-12-12,DECK,10,2,MLE_TOP10xIRC_TOP10_20d
510,271568,2025-12-12,MCHP,2,9,MLE_TOP10xIRC_TOP10_20d
511,272667,2025-12-12,ODFL,7,7,MLE_TOP10xIRC_TOP10_20d
512,77791077,2025-12-12,NXPI,9,9,MLE_TOP10xIRC_TOP10_20d
513,9282,2025-12-15,LUV,6,1,MLE_TOP10xIRC_TOP10_20d
514,271568,2025-12-15,MCHP,2,6,MLE_TOP10xIRC_TOP10_20d
515,49388062,2025-12-15,DLTR,8,7,MLE_TOP10xIRC_TOP10_20d
516,70212228,2025-12-15,DG,5,7,MLE_TOP10xIRC_TOP10_20d
517,120643512,2025-12-15,NCLH,10,4,MLE_TOP10xIRC_TOP10_20d
518,274144952,2025-12-15,CVNA,7,7,MLE_TOP10xIRC_TOP10_20d
519,691984365,2025-12-15,GEV,9,9,MLE_TOP10xIRC_TOP10_20d
520,9282,2025-12-16,LUV,6,1,MLE_TOP10xIRC_TOP10_20d
521,271568,2025-12-16,MCHP,9,7,MLE_TOP10xIRC_TOP10_20d
522,76792991,2025-12-16,TSLA,10,2,MLE_TOP10xIRC_TOP10_20d
523,120643512,2025-12-16,NCLH,8,4,MLE_TOP10xIRC_TOP10_20d
524,9282,2025-12-17,LUV,5,1,MLE_TOP10xIRC_TOP10_20d
525,120643512,2025-12-17,NCLH,7,4,MLE_TOP10xIRC_TOP10_20d
526,554208351,2025-12-17,WBD,6,7,MLE_TOP10xIRC_TOP10_20d
527,9282,2025-12-18,LUV,8,1,MLE_TOP10xIRC_TOP10_20d
528,45157951,2025-12-18,LULU,4,7,MLE_TOP10xIRC_TOP10_20d
529,120643512,2025-12-18,NCLH,7,4,MLE_TOP10xIRC_TOP10_20d
530,274144952,2025-12-18,CVNA,5,7,MLE_TOP10xIRC_TOP10_20d
531,9939,2025-12-19,MU,10,4,MLE_TOP10xIRC_TOP10_20d
532,11520,2025-12-19,RCL,7,2,MLE_TOP10xIRC_TOP10_20d
533,120643512,2025-12-19,NCLH,3,2,MLE_TOP10xIRC_TOP10_20d
534,878372298,2025-12-19,CCL,4,2,MLE_TOP10xIRC_TOP10_20d
535,11520,2025-12-22,RCL,5,2,MLE_TOP10xIRC_TOP10_20d
536,120643512,2025-12-22,NCLH,1,2,MLE_TOP10xIRC_TOP10_20d
537,878372298,2025-12-22,CCL,3,2,MLE_TOP10xIRC_TOP10_20d
538,11520,2025-12-23,RCL,3,1,MLE_TOP10xIRC_TOP10_20d
539,120643512,2025-12-23,NCLH,2,1,MLE_TOP10xIRC_TOP10_20d
540,878372298,2025-12-23,CCL,1,1,MLE_TOP10xIRC_TOP10_20d
541,11520,2025-12-24,RCL,3,1,MLE_TOP10xIRC_TOP10_20d
542,120643512,2025-12-24,NCLH,1,1,MLE_TOP10xIRC_TOP10_20d
543,498843743,2025-12-24,GE,7,7,MLE_TOP10xIRC_TOP10_20d
544,878372298,2025-12-24,CCL,2,1,MLE_TOP10xIRC_TOP10_20d
545,9939,2025-12-26,MU,6,6,MLE_TOP10xIRC_TOP10_20d
546,120643512,2025-12-26,NCLH,3,1,MLE_TOP10xIRC_TOP10_20d
547,498843743,2025-12-26,GE,7,9,MLE_TOP10xIRC_TOP10_20d
548,878372298,2025-12-26,CCL,4,1,MLE_TOP10xIRC_TOP10_20d
549,9939,2025-12-29,MU,1,10,MLE_TOP10xIRC_TOP10_20d
550,267748,2025-12-29,CMCSA,4,3,MLE_TOP10xIRC_TOP10_20d
551,4815747,2025-12-29,NVDA,10,10,MLE_TOP10xIRC_TOP10_20d
552,732440574,2025-12-29,LRCX,5,10,MLE_TOP10xIRC_TOP10_20d
553,878372298,2025-12-29,CCL,3,1,MLE_TOP10xIRC_TOP10_20d
554,878372298,2025-12-30,CCL,5,1,MLE_TOP10xIRC_TOP10_20d
555,878372298,2025-12-31,CCL,5,1,MLE_TOP10xIRC_TOP10_20d
556,6607708,2026-01-02,FIX,7,8,MLE_TOP10xIRC_TOP10_20d
557,7890,2026-01-05,HAL,3,2,MLE_TOP10xIRC_TOP10_20d
558,12200,2026-01-05,SLB,5,2,MLE_TOP10xIRC_TOP10_20d
559,43645865,2026-01-05,IBKR,7,10,MLE_TOP10xIRC_TOP10_20d
560,12200,2026-01-06,SLB,8,6,MLE_TOP10xIRC_TOP10_20d
561,43645865,2026-01-06,IBKR,10,8,MLE_TOP10xIRC_TOP10_20d
562,4347,2026-01-07,ALB,10,10,MLE_TOP10xIRC_TOP10_20d
563,7890,2026-01-08,HAL,6,3,MLE_TOP10xIRC_TOP10_20d
564,12200,2026-01-08,SLB,3,3,MLE_TOP10xIRC_TOP10_20d
565,13878278,2026-01-08,CNC,1,10,MLE_TOP10xIRC_TOP10_20d
566,356576040,2026-01-08,DOW,9,4,MLE_TOP10xIRC_TOP10_20d
567,7890,2026-01-09,HAL,7,3,MLE_TOP10xIRC_TOP10_20d
568,9939,2026-01-09,MU,3,8,MLE_TOP10xIRC_TOP10_20d
569,12200,2026-01-09,SLB,5,3,MLE_TOP10xIRC_TOP10_20d
570,266093,2026-01-09,AMAT,9,8,MLE_TOP10xIRC_TOP10_20d
571,270639,2026-01-09,INTC,1,8,MLE_TOP10xIRC_TOP10_20d
572,271568,2026-01-09,MCHP,10,8,MLE_TOP10xIRC_TOP10_20d
573,732440574,2026-01-09,LRCX,2,8,MLE_TOP10xIRC_TOP10_20d
574,9939,2026-01-12,MU,3,10,MLE_TOP10xIRC_TOP10_20d
575,12200,2026-01-12,SLB,4,3,MLE_TOP10xIRC_TOP10_20d
576,266093,2026-01-12,AMAT,7,10,MLE_TOP10xIRC_TOP10_20d
577,270639,2026-01-12,INTC,2,10,MLE_TOP10xIRC_TOP10_20d
578,371886040,2026-01-12,LHX,10,2,MLE_TOP10xIRC_TOP10_20d
579,732440574,2026-01-12,LRCX,1,10,MLE_TOP10xIRC_TOP10_20d
580,4347,2026-01-13,ALB,3,4,MLE_TOP10xIRC_TOP10_20d
581,12200,2026-01-13,SLB,5,1,MLE_TOP10xIRC_TOP10_20d
582,12729,2026-01-13,TER,10,10,MLE_TOP10xIRC_TOP10_20d
583,270639,2026-01-13,INTC,1,10,MLE_TOP10xIRC_TOP10_20d
584,732440574,2026-01-13,LRCX,4,10,MLE_TOP10xIRC_TOP10_20d
585,4347,2026-01-14,ALB,3,3,MLE_TOP10xIRC_TOP10_20d
586,12200,2026-01-14,SLB,6,1,MLE_TOP10xIRC_TOP10_20d
587,270639,2026-01-14,INTC,2,4,MLE_TOP10xIRC_TOP10_20d
588,356576040,2026-01-14,DOW,8,3,MLE_TOP10xIRC_TOP10_20d
589,732440574,2026-01-14,LRCX,9,4,MLE_TOP10xIRC_TOP10_20d
590,4347,2026-01-15,ALB,9,4,MLE_TOP10xIRC_TOP10_20d
591,266093,2026-01-15,AMAT,7,6,MLE_TOP10xIRC_TOP10_20d
592,270639,2026-01-15,INTC,2,6,MLE_TOP10xIRC_TOP10_20d
593,270957,2026-01-15,KLAC,4,6,MLE_TOP10xIRC_TOP10_20d
594,663174498,2026-01-15,BG,10,3,MLE_TOP10xIRC_TOP10_20d
595,732440574,2026-01-15,LRCX,5,6,MLE_TOP10xIRC_TOP10_20d
596,266093,2026-01-16,AMAT,4,5,MLE_TOP10xIRC_TOP10_20d
597,270639,2026-01-16,INTC,7,5,MLE_TOP10xIRC_TOP10_20d
598,270957,2026-01-16,KLAC,2,5,MLE_TOP10xIRC_TOP10_20d
599,611191,2026-01-16,LMT,10,1,MLE_TOP10xIRC_TOP10_20d
600,732440574,2026-01-16,LRCX,6,5,MLE_TOP10xIRC_TOP10_20d
601,4347,2026-01-20,ALB,4,7,MLE_TOP10xIRC_TOP10_20d
602,9939,2026-01-20,MU,6,4,MLE_TOP10xIRC_TOP10_20d
603,270639,2026-01-20,INTC,2,4,MLE_TOP10xIRC_TOP10_20d
604,663174498,2026-01-20,BG,5,6,MLE_TOP10xIRC_TOP10_20d
605,4391,2026-01-21,AMD,7,3,MLE_TOP10xIRC_TOP10_20d
606,270639,2026-01-21,INTC,2,3,MLE_TOP10xIRC_TOP10_20d
607,35447205,2026-01-21,CF,8,7,MLE_TOP10xIRC_TOP10_20d
608,72529783,2026-01-21,GNRC,4,9,MLE_TOP10xIRC_TOP10_20d
609,463654490,2026-01-21,TPL,5,8,MLE_TOP10xIRC_TOP10_20d
610,663174498,2026-01-21,BG,3,6,MLE_TOP10xIRC_TOP10_20d
611,4391,2026-01-22,AMD,7,2,MLE_TOP10xIRC_TOP10_20d
612,270639,2026-01-22,INTC,2,2,MLE_TOP10xIRC_TOP10_20d
613,611191,2026-01-22,LMT,8,6,MLE_TOP10xIRC_TOP10_20d
614,72529783,2026-01-22,GNRC,3,10,MLE_TOP10xIRC_TOP10_20d
615,663174498,2026-01-22,BG,6,4,MLE_TOP10xIRC_TOP10_20d
616,4347,2026-01-23,ALB,6,5,MLE_TOP10xIRC_TOP10_20d
617,4391,2026-01-23,AMD,2,2,MLE_TOP10xIRC_TOP10_20d
618,9939,2026-01-23,MU,4,2,MLE_TOP10xIRC_TOP10_20d
619,6607708,2026-01-23,FIX,10,4,MLE_TOP10xIRC_TOP10_20d
620,663174498,2026-01-23,BG,7,3,MLE_TOP10xIRC_TOP10_20d
621,4347,2026-01-26,ALB,5,5,MLE_TOP10xIRC_TOP10_20d
622,4391,2026-01-26,AMD,2,4,MLE_TOP10xIRC_TOP10_20d
623,9939,2026-01-26,MU,10,4,MLE_TOP10xIRC_TOP10_20d
624,663174498,2026-01-26,BG,8,3,MLE_TOP10xIRC_TOP10_20d
625,4391,2026-01-27,AMD,3,2,MLE_TOP10xIRC_TOP10_20d
626,9939,2026-01-27,MU,6,2,MLE_TOP10xIRC_TOP10_20d
627,281316445,2026-01-27,BKR,7,1,MLE_TOP10xIRC_TOP10_20d
628,663174498,2026-01-27,BG,10,3,MLE_TOP10xIRC_TOP10_20d
629,9939,2026-01-28,MU,3,2,MLE_TOP10xIRC_TOP10_20d
630,32106121,2026-01-28,MPWR,4,2,MLE_TOP10xIRC_TOP10_20d
631,281316445,2026-01-28,BKR,7,1,MLE_TOP10xIRC_TOP10_20d
632,9939,2026-01-29,MU,2,2,MLE_TOP10xIRC_TOP10_20d
633,270957,2026-01-29,KLAC,9,2,MLE_TOP10xIRC_TOP10_20d
634,32106121,2026-01-29,MPWR,5,2,MLE_TOP10xIRC_TOP10_20d
635,732440574,2026-01-29,LRCX,7,2,MLE_TOP10xIRC_TOP10_20d
636,9939,2026-01-30,MU,2,3,MLE_TOP10xIRC_TOP10_20d
637,13096,2026-01-30,TXN,9,3,MLE_TOP10xIRC_TOP10_20d
638,57698865,2026-01-30,EQT,6,7,MLE_TOP10xIRC_TOP10_20d
639,9939,2026-02-02,MU,5,2,MLE_TOP10xIRC_TOP10_20d
640,13096,2026-02-02,TXN,6,2,MLE_TOP10xIRC_TOP10_20d
641,12729,2026-02-03,TER,4,7,MLE_TOP10xIRC_TOP10_20d
642,13096,2026-02-03,TXN,9,7,MLE_TOP10xIRC_TOP10_20d
643,5052,2026-02-05,BALL,8,10,MLE_TOP10xIRC_TOP10_20d
644,8199,2026-02-05,HSY,7,4,MLE_TOP10xIRC_TOP10_20d
645,5100583,2026-02-05,FDX,9,9,MLE_TOP10xIRC_TOP10_20d
646,7655,2026-02-06,GLW,3,7,MLE_TOP10xIRC_TOP10_20d
647,8199,2026-02-06,HSY,10,9,MLE_TOP10xIRC_TOP10_20d
648,7655,2026-02-09,GLW,2,4,MLE_TOP10xIRC_TOP10_20d
649,41045553,2026-02-09,CIEN,6,4,MLE_TOP10xIRC_TOP10_20d
650,4901,2026-02-10,VZ,9,3,MLE_TOP10xIRC_TOP10_20d
651,41045553,2026-02-10,CIEN,8,3,MLE_TOP10xIRC_TOP10_20d
652,4901,2026-02-11,VZ,9,7,MLE_TOP10xIRC_TOP10_20d
653,7655,2026-02-11,GLW,6,7,MLE_TOP10xIRC_TOP10_20d
654,72529783,2026-02-11,GNRC,10,3,MLE_TOP10xIRC_TOP10_20d
655,402783527,2026-02-11,VRT,5,1,MLE_TOP10xIRC_TOP10_20d
656,4901,2026-02-12,VZ,7,4,MLE_TOP10xIRC_TOP10_20d
657,7655,2026-02-12,GLW,3,4,MLE_TOP10xIRC_TOP10_20d
658,72529783,2026-02-12,GNRC,4,3,MLE_TOP10xIRC_TOP10_20d
659,402783527,2026-02-12,VRT,10,1,MLE_TOP10xIRC_TOP10_20d
660,713434903,2026-02-12,SW,9,6,MLE_TOP10xIRC_TOP10_20d
661,7655,2026-02-13,GLW,5,4,MLE_TOP10xIRC_TOP10_20d
662,72529783,2026-02-13,GNRC,3,5,MLE_TOP10xIRC_TOP10_20d
663,402783527,2026-02-13,VRT,6,1,MLE_TOP10xIRC_TOP10_20d
664,463654490,2026-02-13,TPL,7,7,MLE_TOP10xIRC_TOP10_20d
665,713434903,2026-02-13,SW,8,6,MLE_TOP10xIRC_TOP10_20d
666,72529783,2026-02-17,GNRC,2,6,MLE_TOP10xIRC_TOP10_20d
667,402783527,2026-02-17,VRT,4,1,MLE_TOP10xIRC_TOP10_20d
668,463654490,2026-02-17,TPL,5,8,MLE_TOP10xIRC_TOP10_20d
669,713434903,2026-02-17,SW,9,2,MLE_TOP10xIRC_TOP10_20d
670,72529783,2026-02-18,GNRC,2,9,MLE_TOP10xIRC_TOP10_20d
671,292491487,2026-02-18,TPR,6,10,MLE_TOP10xIRC_TOP10_20d
672,402783527,2026-02-18,VRT,4,2,MLE_TOP10xIRC_TOP10_20d
673,463654490,2026-02-18,TPL,3,6,MLE_TOP10xIRC_TOP10_20d
674,713434903,2026-02-18,SW,5,1,MLE_TOP10xIRC_TOP10_20d
675,6607708,2026-02-19,FIX,7,5,MLE_TOP10xIRC_TOP10_20d
676,41045553,2026-02-19,CIEN,5,3,MLE_TOP10xIRC_TOP10_20d
677,72529783,2026-02-19,GNRC,4,8,MLE_TOP10xIRC_TOP10_20d
678,402783527,2026-02-19,VRT,3,1,MLE_TOP10xIRC_TOP10_20d
679,463654490,2026-02-19,TPL,1,6,MLE_TOP10xIRC_TOP10_20d
680,7655,2026-02-20,GLW,10,3,MLE_TOP10xIRC_TOP10_20d
681,6607708,2026-02-20,FIX,6,4,MLE_TOP10xIRC_TOP10_20d
682,41045553,2026-02-20,CIEN,4,3,MLE_TOP10xIRC_TOP10_20d
683,72529783,2026-02-20,GNRC,3,8,MLE_TOP10xIRC_TOP10_20d
684,402783527,2026-02-20,VRT,2,1,MLE_TOP10xIRC_TOP10_20d
685,463654490,2026-02-20,TPL,1,5,MLE_TOP10xIRC_TOP10_20d
686,7655,2026-02-23,GLW,8,2,MLE_TOP10xIRC_TOP10_20d
687,11899,2026-02-23,EIX,9,10,MLE_TOP10xIRC_TOP10_20d
688,41045553,2026-02-23,CIEN,2,2,MLE_TOP10xIRC_TOP10_20d
689,72529783,2026-02-23,GNRC,4,9,MLE_TOP10xIRC_TOP10_20d
690,402783527,2026-02-23,VRT,3,1,MLE_TOP10xIRC_TOP10_20d
691,463654490,2026-02-23,TPL,1,5,MLE_TOP10xIRC_TOP10_20d
692,41045553,2026-02-24,CIEN,8,2,MLE_TOP10xIRC_TOP10_20d
693,72529783,2026-02-24,GNRC,3,5,MLE_TOP10xIRC_TOP10_20d
694,402783527,2026-02-24,VRT,4,1,MLE_TOP10xIRC_TOP10_20d
695,463654490,2026-02-24,TPL,1,6,MLE_TOP10xIRC_TOP10_20d
696,7655,2026-02-25,GLW,6,2,MLE_TOP10xIRC_TOP10_20d
697,72529783,2026-02-25,GNRC,2,8,MLE_TOP10xIRC_TOP10_20d
698,76791198,2026-02-25,GRMN,8,10,MLE_TOP10xIRC_TOP10_20d
699,170167160,2026-02-25,KEYS,4,10,MLE_TOP10xIRC_TOP10_20d
700,402783527,2026-02-25,VRT,1,1,MLE_TOP10xIRC_TOP10_20d
701,463654490,2026-02-25,TPL,5,9,MLE_TOP10xIRC_TOP10_20d
702,272104927,2026-02-26,AXON,3,9,MLE_TOP10xIRC_TOP10_20d
703,463654490,2026-02-27,TPL,5,8,MLE_TOP10xIRC_TOP10_20d
704,272104927,2026-03-02,AXON,4,5,MLE_TOP10xIRC_TOP10_20d
705,463654490,2026-03-02,TPL,10,3,MLE_TOP10xIRC_TOP10_20d
706,272104927,2026-03-03,AXON,1,7,MLE_TOP10xIRC_TOP10_20d
707,463654490,2026-03-03,TPL,8,1,MLE_TOP10xIRC_TOP10_20d
708,212671971,2026-03-04,XYZ,9,1,MLE_TOP10xIRC_TOP10_20d
709,463654490,2026-03-04,TPL,10,3,MLE_TOP10xIRC_TOP10_20d
710,270662,2026-03-05,INTU,8,9,MLE_TOP10xIRC_TOP10_20d
711,212671971,2026-03-05,XYZ,3,6,MLE_TOP10xIRC_TOP10_20d
712,270662,2026-03-06,INTU,2,7,MLE_TOP10xIRC_TOP10_20d
713,109911821,2026-03-06,NOW,8,7,MLE_TOP10xIRC_TOP10_20d
714,212671971,2026-03-06,XYZ,4,8,MLE_TOP10xIRC_TOP10_20d
715,270662,2026-03-09,INTU,3,7,MLE_TOP10xIRC_TOP10_20d
716,212671971,2026-03-09,XYZ,5,10,MLE_TOP10xIRC_TOP10_20d
717,383858515,2026-03-09,DDOG,7,7,MLE_TOP10xIRC_TOP10_20d
718,270662,2026-03-10,INTU,2,10,MLE_TOP10xIRC_TOP10_20d
719,212671971,2026-03-10,XYZ,1,9,MLE_TOP10xIRC_TOP10_20d
720,383858515,2026-03-10,DDOG,9,10,MLE_TOP10xIRC_TOP10_20d
721,444857009,2026-03-10,PLTR,10,10,MLE_TOP10xIRC_TOP10_20d
722,13497,2026-03-11,VLO,8,1,MLE_TOP10xIRC_TOP10_20d
723,270662,2026-03-11,INTU,10,10,MLE_TOP10xIRC_TOP10_20d
724,89495776,2026-03-11,MPC,7,1,MLE_TOP10xIRC_TOP10_20d
725,383858515,2026-03-11,DDOG,9,10,MLE_TOP10xIRC_TOP10_20d
726,474515500,2026-03-11,APA,6,1,MLE_TOP10xIRC_TOP10_20d
727,13497,2026-03-12,VLO,6,1,MLE_TOP10xIRC_TOP10_20d
728,35447205,2026-03-12,CF,1,8,MLE_TOP10xIRC_TOP10_20d
729,74866700,2026-03-12,LYB,2,8,MLE_TOP10xIRC_TOP10_20d
730,88292752,2026-03-12,MOS,8,8,MLE_TOP10xIRC_TOP10_20d
731,89495776,2026-03-12,MPC,9,1,MLE_TOP10xIRC_TOP10_20d
732,105669270,2026-03-12,PSX,10,1,MLE_TOP10xIRC_TOP10_20d
733,356576040,2026-03-12,DOW,3,8,MLE_TOP10xIRC_TOP10_20d
734,474515500,2026-03-12,APA,7,1,MLE_TOP10xIRC_TOP10_20d
735,13497,2026-03-13,VLO,8,1,MLE_TOP10xIRC_TOP10_20d
736,89495776,2026-03-13,MPC,6,1,MLE_TOP10xIRC_TOP10_20d
737,105669270,2026-03-13,PSX,10,1,MLE_TOP10xIRC_TOP10_20d
738,110619459,2026-03-13,PANW,9,5,MLE_TOP10xIRC_TOP10_20d
739,474515500,2026-03-13,APA,7,1,MLE_TOP10xIRC_TOP10_20d
740,89495776,2026-03-16,MPC,9,1,MLE_TOP10xIRC_TOP10_20d
741,110619459,2026-03-16,PANW,5,2,MLE_TOP10xIRC_TOP10_20d
742,383858515,2026-03-16,DDOG,4,5,MLE_TOP10xIRC_TOP10_20d
743,474515500,2026-03-16,APA,10,1,MLE_TOP10xIRC_TOP10_20d
744,13681,2026-03-17,WDC,1,10,MLE_TOP10xIRC_TOP10_20d
745,98542021,2026-03-17,EXPE,10,2,MLE_TOP10xIRC_TOP10_20d
746,383858515,2026-03-17,DDOG,7,3,MLE_TOP10xIRC_TOP10_20d
747,474515500,2026-03-17,APA,9,1,MLE_TOP10xIRC_TOP10_20d
748,491932113,2026-03-17,STX,5,10,MLE_TOP10xIRC_TOP10_20d
749,10880,2026-03-18,OXY,10,1,MLE_TOP10xIRC_TOP10_20d
750,13681,2026-03-18,WDC,4,9,MLE_TOP10xIRC_TOP10_20d
751,754442,2026-03-18,DVN,9,1,MLE_TOP10xIRC_TOP10_20d
752,383858515,2026-03-18,DDOG,8,6,MLE_TOP10xIRC_TOP10_20d
753,474515500,2026-03-18,APA,3,1,MLE_TOP10xIRC_TOP10_20d
754,10880,2026-03-19,OXY,8,1,MLE_TOP10xIRC_TOP10_20d
755,13681,2026-03-19,WDC,2,5,MLE_TOP10xIRC_TOP10_20d
756,41045553,2026-03-19,CIEN,1,9,MLE_TOP10xIRC_TOP10_20d
757,201113895,2026-03-19,LITE,3,5,MLE_TOP10xIRC_TOP10_20d
758,474515500,2026-03-19,APA,5,1,MLE_TOP10xIRC_TOP10_20d
759,491932113,2026-03-19,STX,4,5,MLE_TOP10xIRC_TOP10_20d
760,10880,2026-03-20,OXY,8,1,MLE_TOP10xIRC_TOP10_20d
761,13681,2026-03-20,WDC,4,7,MLE_TOP10xIRC_TOP10_20d
762,6220356,2026-03-20,AKAM,10,3,MLE_TOP10xIRC_TOP10_20d
763,41045553,2026-03-20,CIEN,1,8,MLE_TOP10xIRC_TOP10_20d
764,201113895,2026-03-20,LITE,2,7,MLE_TOP10xIRC_TOP10_20d
765,474515500,2026-03-20,APA,3,1,MLE_TOP10xIRC_TOP10_20d
766,491932113,2026-03-20,STX,5,7,MLE_TOP10xIRC_TOP10_20d
767,10880,2026-03-23,OXY,9,1,MLE_TOP10xIRC_TOP10_20d
768,10885,2026-03-23,COP,10,1,MLE_TOP10xIRC_TOP10_20d
769,13497,2026-03-23,VLO,8,1,MLE_TOP10xIRC_TOP10_20d
770,13681,2026-03-23,WDC,4,4,MLE_TOP10xIRC_TOP10_20d
771,6220356,2026-03-23,AKAM,6,3,MLE_TOP10xIRC_TOP10_20d
772,41045553,2026-03-23,CIEN,1,8,MLE_TOP10xIRC_TOP10_20d
773,201113895,2026-03-23,LITE,3,4,MLE_TOP10xIRC_TOP10_20d
774,346218218,2026-03-23,DELL,5,4,MLE_TOP10xIRC_TOP10_20d
775,474515500,2026-03-23,APA,2,1,MLE_TOP10xIRC_TOP10_20d
776,10880,2026-03-24,OXY,7,1,MLE_TOP10xIRC_TOP10_20d
777,10885,2026-03-24,COP,10,1,MLE_TOP10xIRC_TOP10_20d
778,754442,2026-03-24,DVN,8,1,MLE_TOP10xIRC_TOP10_20d
779,41045553,2026-03-24,CIEN,2,5,MLE_TOP10xIRC_TOP10_20d
780,89495776,2026-03-24,MPC,9,1,MLE_TOP10xIRC_TOP10_20d
781,201113895,2026-03-24,LITE,4,3,MLE_TOP10xIRC_TOP10_20d
782,346218218,2026-03-24,DELL,3,3,MLE_TOP10xIRC_TOP10_20d
783,474515500,2026-03-24,APA,1,1,MLE_TOP10xIRC_TOP10_20d
784,10880,2026-03-25,OXY,10,1,MLE_TOP10xIRC_TOP10_20d
785,6220356,2026-03-25,AKAM,9,8,MLE_TOP10xIRC_TOP10_20d
786,41045553,2026-03-25,CIEN,1,4,MLE_TOP10xIRC_TOP10_20d
787,201113895,2026-03-25,LITE,5,5,MLE_TOP10xIRC_TOP10_20d
788,209411798,2026-03-25,HPE,4,5,MLE_TOP10xIRC_TOP10_20d
789,346218218,2026-03-25,DELL,3,5,MLE_TOP10xIRC_TOP10_20d
790,474515500,2026-03-25,APA,2,1,MLE_TOP10xIRC_TOP10_20d
791,12200,2026-03-26,SLB,2,4,MLE_TOP10xIRC_TOP10_20d
792,41045553,2026-03-26,CIEN,6,3,MLE_TOP10xIRC_TOP10_20d
793,115441080,2026-03-26,FANG,7,1,MLE_TOP10xIRC_TOP10_20d
794,201113895,2026-03-26,LITE,9,5,MLE_TOP10xIRC_TOP10_20d
795,209411798,2026-03-26,HPE,4,5,MLE_TOP10xIRC_TOP10_20d
796,281316445,2026-03-26,BKR,10,4,MLE_TOP10xIRC_TOP10_20d
797,346218218,2026-03-26,DELL,3,5,MLE_TOP10xIRC_TOP10_20d
798,474515500,2026-03-26,APA,1,1,MLE_TOP10xIRC_TOP10_20d
799,4347,2026-03-27,ALB,6,9,MLE_TOP10xIRC_TOP10_20d
800,7890,2026-03-27,HAL,2,2,MLE_TOP10xIRC_TOP10_20d
801,10880,2026-03-27,OXY,9,1,MLE_TOP10xIRC_TOP10_20d
802,12200,2026-03-27,SLB,3,2,MLE_TOP10xIRC_TOP10_20d
803,754442,2026-03-27,DVN,10,1,MLE_TOP10xIRC_TOP10_20d
804,41045553,2026-03-27,CIEN,4,5,MLE_TOP10xIRC_TOP10_20d
805,201113895,2026-03-27,LITE,8,6,MLE_TOP10xIRC_TOP10_20d
806,281316445,2026-03-27,BKR,5,2,MLE_TOP10xIRC_TOP10_20d
807,346218218,2026-03-27,DELL,7,6,MLE_TOP10xIRC_TOP10_20d
808,474515500,2026-03-27,APA,1,1,MLE_TOP10xIRC_TOP10_20d
809,6890,2026-03-30,EOG,8,1,MLE_TOP10xIRC_TOP10_20d
810,7890,2026-03-30,HAL,5,3,MLE_TOP10xIRC_TOP10_20d
811,10880,2026-03-30,OXY,4,1,MLE_TOP10xIRC_TOP10_20d
812,12200,2026-03-30,SLB,6,3,MLE_TOP10xIRC_TOP10_20d
813,754442,2026-03-30,DVN,9,1,MLE_TOP10xIRC_TOP10_20d
814,35447205,2026-03-30,CF,7,6,MLE_TOP10xIRC_TOP10_20d
815,74866700,2026-03-30,LYB,3,6,MLE_TOP10xIRC_TOP10_20d
816,281316445,2026-03-30,BKR,10,3,MLE_TOP10xIRC_TOP10_20d
817,356576040,2026-03-30,DOW,2,6,MLE_TOP10xIRC_TOP10_20d
818,474515500,2026-03-30,APA,1,1,MLE_TOP10xIRC_TOP10_20d
819,7890,2026-03-31,HAL,8,2,MLE_TOP10xIRC_TOP10_20d
820,10880,2026-03-31,OXY,4,1,MLE_TOP10xIRC_TOP10_20d
821,12200,2026-03-31,SLB,6,2,MLE_TOP10xIRC_TOP10_20d
822,74866700,2026-03-31,LYB,2,10,MLE_TOP10xIRC_TOP10_20d
823,201113895,2026-03-31,LITE,10,6,MLE_TOP10xIRC_TOP10_20d
824,209411798,2026-03-31,HPE,7,6,MLE_TOP10xIRC_TOP10_20d
825,356576040,2026-03-31,DOW,3,10,MLE_TOP10xIRC_TOP10_20d
826,474515500,2026-03-31,APA,1,1,MLE_TOP10xIRC_TOP10_20d
827,12200,2026-04-01,SLB,6,2,MLE_TOP10xIRC_TOP10_20d
828,474515500,2026-04-01,APA,2,1,MLE_TOP10xIRC_TOP10_20d
829,6969,2026-04-02,ETR,10,7,MLE_TOP10xIRC_TOP10_20d
830,270639,2026-04-06,INTC,5,6,MLE_TOP10xIRC_TOP10_20d
831,7655,2026-04-07,GLW,10,10,MLE_TOP10xIRC_TOP10_20d
832,270639,2026-04-07,INTC,1,4,MLE_TOP10xIRC_TOP10_20d
833,47965865,2026-04-07,SATS,9,10,MLE_TOP10xIRC_TOP10_20d
834,356576040,2026-04-07,DOW,6,9,MLE_TOP10xIRC_TOP10_20d
835,270639,2026-04-08,INTC,1,2,MLE_TOP10xIRC_TOP10_20d
836,32106121,2026-04-08,MPWR,4,2,MLE_TOP10xIRC_TOP10_20d
837,7655,2026-04-09,GLW,7,9,MLE_TOP10xIRC_TOP10_20d
838,270639,2026-04-09,INTC,2,3,MLE_TOP10xIRC_TOP10_20d
839,32106121,2026-04-09,MPWR,4,3,MLE_TOP10xIRC_TOP10_20d
840,270639,2026-04-10,INTC,1,1,MLE_TOP10xIRC_TOP10_20d
841,32106121,2026-04-10,MPWR,5,1,MLE_TOP10xIRC_TOP10_20d
842,584127832,2026-04-10,COHR,8,7,MLE_TOP10xIRC_TOP10_20d
843,732440574,2026-04-10,LRCX,10,1,MLE_TOP10xIRC_TOP10_20d
844,270639,2026-04-13,INTC,1,1,MLE_TOP10xIRC_TOP10_20d
845,32106121,2026-04-13,MPWR,4,1,MLE_TOP10xIRC_TOP10_20d
846,313130367,2026-04-13,AVGO,9,1,MLE_TOP10xIRC_TOP10_20d
847,584127832,2026-04-13,COHR,7,6,MLE_TOP10xIRC_TOP10_20d
848,732440574,2026-04-13,LRCX,8,1,MLE_TOP10xIRC_TOP10_20d
849,9939,2026-04-14,MU,4,2,MLE_TOP10xIRC_TOP10_20d
850,270639,2026-04-14,INTC,1,2,MLE_TOP10xIRC_TOP10_20d
851,32106121,2026-04-14,MPWR,7,2,MLE_TOP10xIRC_TOP10_20d
852,402783527,2026-04-14,VRT,10,1,MLE_TOP10xIRC_TOP10_20d
853,584127832,2026-04-14,COHR,5,5,MLE_TOP10xIRC_TOP10_20d
854,732440574,2026-04-14,LRCX,6,2,MLE_TOP10xIRC_TOP10_20d
855,4391,2026-04-15,AMD,7,1,MLE_TOP10xIRC_TOP10_20d
856,9939,2026-04-15,MU,2,1,MLE_TOP10xIRC_TOP10_20d
857,270639,2026-04-15,INTC,1,1,MLE_TOP10xIRC_TOP10_20d
858,313130367,2026-04-15,AVGO,6,1,MLE_TOP10xIRC_TOP10_20d
859,504546674,2026-04-15,HOOD,8,8,MLE_TOP10xIRC_TOP10_20d
860,584127832,2026-04-15,COHR,5,5,MLE_TOP10xIRC_TOP10_20d
861,4391,2026-04-16,AMD,2,1,MLE_TOP10xIRC_TOP10_20d
862,270639,2026-04-16,INTC,1,1,MLE_TOP10xIRC_TOP10_20d
863,8677881,2026-04-16,ON,6,1,MLE_TOP10xIRC_TOP10_20d
864,32106121,2026-04-16,MPWR,10,1,MLE_TOP10xIRC_TOP10_20d
865,313130367,2026-04-16,AVGO,7,1,MLE_TOP10xIRC_TOP10_20d
866,584127832,2026-04-16,COHR,3,4,MLE_TOP10xIRC_TOP10_20d
867,740948854,2026-04-16,ANET,5,5,MLE_TOP10xIRC_TOP10_20d
868,4391,2026-04-17,AMD,8,1,MLE_TOP10xIRC_TOP10_20d
869,270639,2026-04-17,INTC,1,1,MLE_TOP10xIRC_TOP10_20d
870,8677881,2026-04-17,ON,3,1,MLE_TOP10xIRC_TOP10_20d
871,32106121,2026-04-17,MPWR,5,1,MLE_TOP10xIRC_TOP10_20d
872,313130367,2026-04-17,AVGO,7,1,MLE_TOP10xIRC_TOP10_20d
873,504546674,2026-04-17,HOOD,4,6,MLE_TOP10xIRC_TOP10_20d
874,584127832,2026-04-17,COHR,2,4,MLE_TOP10xIRC_TOP10_20d
875,740948854,2026-04-17,ANET,6,10,MLE_TOP10xIRC_TOP10_20d
876,4391,2026-04-20,AMD,10,1,MLE_TOP10xIRC_TOP10_20d
877,270639,2026-04-20,INTC,6,1,MLE_TOP10xIRC_TOP10_20d
878,8677881,2026-04-20,ON,2,1,MLE_TOP10xIRC_TOP10_20d
879,32106121,2026-04-20,MPWR,9,1,MLE_TOP10xIRC_TOP10_20d
880,313130367,2026-04-20,AVGO,7,1,MLE_TOP10xIRC_TOP10_20d
881,504546674,2026-04-20,HOOD,4,9,MLE_TOP10xIRC_TOP10_20d
882,584127832,2026-04-20,COHR,1,3,MLE_TOP10xIRC_TOP10_20d
883,740948854,2026-04-20,ANET,3,7,MLE_TOP10xIRC_TOP10_20d
884,4391,2026-04-21,AMD,4,1,MLE_TOP10xIRC_TOP10_20d
885,270639,2026-04-21,INTC,8,1,MLE_TOP10xIRC_TOP10_20d
886,8677881,2026-04-21,ON,1,1,MLE_TOP10xIRC_TOP10_20d
887,32106121,2026-04-21,MPWR,5,1,MLE_TOP10xIRC_TOP10_20d
888,584127832,2026-04-21,COHR,2,6,MLE_TOP10xIRC_TOP10_20d
889,740948854,2026-04-21,ANET,3,3,MLE_TOP10xIRC_TOP10_20d
890,4391,2026-04-22,AMD,1,1,MLE_TOP10xIRC_TOP10_20d
891,8677881,2026-04-22,ON,3,1,MLE_TOP10xIRC_TOP10_20d
892,481863646,2026-04-22,APP,6,4,MLE_TOP10xIRC_TOP10_20d
893,504546674,2026-04-22,HOOD,7,4,MLE_TOP10xIRC_TOP10_20d
894,584127832,2026-04-22,COHR,5,8,MLE_TOP10xIRC_TOP10_20d
895,731466419,2026-04-22,SMCI,4,9,MLE_TOP10xIRC_TOP10_20d
896,740948854,2026-04-22,ANET,9,7,MLE_TOP10xIRC_TOP10_20d
897,4391,2026-04-23,AMD,3,1,MLE_TOP10xIRC_TOP10_20d
898,13096,2026-04-23,TXN,2,1,MLE_TOP10xIRC_TOP10_20d
899,271568,2026-04-23,MCHP,6,1,MLE_TOP10xIRC_TOP10_20d
900,8677881,2026-04-23,ON,1,1,MLE_TOP10xIRC_TOP10_20d
901,32106121,2026-04-23,MPWR,10,1,MLE_TOP10xIRC_TOP10_20d
902,481863646,2026-04-23,APP,8,7,MLE_TOP10xIRC_TOP10_20d
903,4391,2026-04-24,AMD,2,1,MLE_TOP10xIRC_TOP10_20d
904,13096,2026-04-24,TXN,4,1,MLE_TOP10xIRC_TOP10_20d
905,270639,2026-04-24,INTC,3,1,MLE_TOP10xIRC_TOP10_20d
906,271568,2026-04-24,MCHP,9,1,MLE_TOP10xIRC_TOP10_20d
907,8677881,2026-04-24,ON,1,1,MLE_TOP10xIRC_TOP10_20d
908,4391,2026-04-27,AMD,2,1,MLE_TOP10xIRC_TOP10_20d
909,9939,2026-04-27,MU,6,1,MLE_TOP10xIRC_TOP10_20d
910,13096,2026-04-27,TXN,4,1,MLE_TOP10xIRC_TOP10_20d
911,270639,2026-04-27,INTC,3,1,MLE_TOP10xIRC_TOP10_20d
912,271568,2026-04-27,MCHP,9,1,MLE_TOP10xIRC_TOP10_20d
913,8677881,2026-04-27,ON,1,1,MLE_TOP10xIRC_TOP10_20d
914,504546674,2026-04-27,HOOD,10,6,MLE_TOP10xIRC_TOP10_20d
915,4391,2026-04-28,AMD,4,1,MLE_TOP10xIRC_TOP10_20d
916,13096,2026-04-28,TXN,6,1,MLE_TOP10xIRC_TOP10_20d
917,270639,2026-04-28,INTC,2,1,MLE_TOP10xIRC_TOP10_20d
918,8677881,2026-04-28,ON,3,1,MLE_TOP10xIRC_TOP10_20d
919,4391,2026-04-29,AMD,5,1,MLE_TOP10xIRC_TOP10_20d
920,13096,2026-04-29,TXN,6,1,MLE_TOP10xIRC_TOP10_20d
921,270639,2026-04-29,INTC,1,1,MLE_TOP10xIRC_TOP10_20d
922,8677881,2026-04-29,ON,4,1,MLE_TOP10xIRC_TOP10_20d
923,72529783,2026-04-29,GNRC,9,3,MLE_TOP10xIRC_TOP10_20d
924,77791077,2026-04-29,NXPI,3,1,MLE_TOP10xIRC_TOP10_20d
925,4391,2026-04-30,AMD,5,1,MLE_TOP10xIRC_TOP10_20d
926,13096,2026-04-30,TXN,8,1,MLE_TOP10xIRC_TOP10_20d
927,270639,2026-04-30,INTC,1,1,MLE_TOP10xIRC_TOP10_20d
928,273544,2026-04-30,QCOM,4,1,MLE_TOP10xIRC_TOP10_20d
929,8677881,2026-04-30,ON,7,1,MLE_TOP10xIRC_TOP10_20d
930,72529783,2026-04-30,GNRC,9,3,MLE_TOP10xIRC_TOP10_20d
931,77791077,2026-04-30,NXPI,3,1,MLE_TOP10xIRC_TOP10_20d
932,491932113,2026-04-30,STX,6,10,MLE_TOP10xIRC_TOP10_20d
933,4391,2026-05-01,AMD,6,1,MLE_TOP10xIRC_TOP10_20d
934,13096,2026-05-01,TXN,9,1,MLE_TOP10xIRC_TOP10_20d
935,270639,2026-05-01,INTC,1,1,MLE_TOP10xIRC_TOP10_20d
936,273544,2026-05-01,QCOM,5,1,MLE_TOP10xIRC_TOP10_20d
937,8677881,2026-05-01,ON,7,1,MLE_TOP10xIRC_TOP10_20d
938,72529783,2026-05-01,GNRC,10,4,MLE_TOP10xIRC_TOP10_20d
939,77791077,2026-05-01,NXPI,3,1,MLE_TOP10xIRC_TOP10_20d
940,491932113,2026-05-01,STX,4,10,MLE_TOP10xIRC_TOP10_20d
941,4391,2026-05-04,AMD,7,1,MLE_TOP10xIRC_TOP10_20d
942,9939,2026-05-04,MU,5,1,MLE_TOP10xIRC_TOP10_20d
943,13096,2026-05-04,TXN,9,1,MLE_TOP10xIRC_TOP10_20d
944,270639,2026-05-04,INTC,1,1,MLE_TOP10xIRC_TOP10_20d
945,273544,2026-05-04,QCOM,8,1,MLE_TOP10xIRC_TOP10_20d
946,8677881,2026-05-04,ON,10,1,MLE_TOP10xIRC_TOP10_20d
947,77791077,2026-05-04,NXPI,4,1,MLE_TOP10xIRC_TOP10_20d
948,491932113,2026-05-04,STX,3,6,MLE_TOP10xIRC_TOP10_20d
949,4391,2026-05-05,AMD,8,1,MLE_TOP10xIRC_TOP10_20d
950,9939,2026-05-05,MU,2,1,MLE_TOP10xIRC_TOP10_20d
951,270639,2026-05-05,INTC,1,1,MLE_TOP10xIRC_TOP10_20d
952,271568,2026-05-05,MCHP,10,1,MLE_TOP10xIRC_TOP10_20d
953,273544,2026-05-05,QCOM,4,1,MLE_TOP10xIRC_TOP10_20d
954,72529783,2026-05-05,GNRC,9,5,MLE_TOP10xIRC_TOP10_20d
955,77791077,2026-05-05,NXPI,6,1,MLE_TOP10xIRC_TOP10_20d
956,491932113,2026-05-05,STX,3,4,MLE_TOP10xIRC_TOP10_20d
957,4391,2026-05-06,AMD,4,1,MLE_TOP10xIRC_TOP10_20d
958,9939,2026-05-06,MU,5,1,MLE_TOP10xIRC_TOP10_20d
959,270639,2026-05-06,INTC,1,1,MLE_TOP10xIRC_TOP10_20d
960,273544,2026-05-06,QCOM,3,1,MLE_TOP10xIRC_TOP10_20d
961,77791077,2026-05-06,NXPI,7,1,MLE_TOP10xIRC_TOP10_20d
962,491932113,2026-05-06,STX,6,4,MLE_TOP10xIRC_TOP10_20d
963,4391,2026-05-07,AMD,6,1,MLE_TOP10xIRC_TOP10_20d
964,9939,2026-05-07,MU,4,1,MLE_TOP10xIRC_TOP10_20d
965,270639,2026-05-07,INTC,1,1,MLE_TOP10xIRC_TOP10_20d
966,273544,2026-05-07,QCOM,2,1,MLE_TOP10xIRC_TOP10_20d
967,1035459,2026-05-07,DVA,9,9,MLE_TOP10xIRC_TOP10_20d
968,13878278,2026-05-07,CNC,5,9,MLE_TOP10xIRC_TOP10_20d
969,70236214,2026-05-07,FTNT,7,3,MLE_TOP10xIRC_TOP10_20d
970,383858515,2026-05-07,DDOG,3,6,MLE_TOP10xIRC_TOP10_20d
971,491932113,2026-05-07,STX,8,3,MLE_TOP10xIRC_TOP10_20d
972,731466419,2026-05-07,SMCI,10,3,MLE_TOP10xIRC_TOP10_20d
973,4391,2026-05-08,AMD,9,2,MLE_TOP10xIRC_TOP10_20d
974,9939,2026-05-08,MU,4,2,MLE_TOP10xIRC_TOP10_20d
975,270639,2026-05-08,INTC,3,2,MLE_TOP10xIRC_TOP10_20d
976,273544,2026-05-08,QCOM,5,2,MLE_TOP10xIRC_TOP10_20d
977,1035459,2026-05-08,DVA,10,7,MLE_TOP10xIRC_TOP10_20d
978,6220356,2026-05-08,AKAM,1,6,MLE_TOP10xIRC_TOP10_20d
979,13878278,2026-05-08,CNC,7,7,MLE_TOP10xIRC_TOP10_20d
980,70236214,2026-05-08,FTNT,6,1,MLE_TOP10xIRC_TOP10_20d
981,383858515,2026-05-08,DDOG,2,6,MLE_TOP10xIRC_TOP10_20d
982,491932113,2026-05-08,STX,8,1,MLE_TOP10xIRC_TOP10_20d
983,4391,2026-05-11,AMD,7,1,MLE_TOP10xIRC_TOP10_20d
984,9939,2026-05-11,MU,5,1,MLE_TOP10xIRC_TOP10_20d
985,270639,2026-05-11,INTC,4,1,MLE_TOP10xIRC_TOP10_20d
986,273544,2026-05-11,QCOM,2,1,MLE_TOP10xIRC_TOP10_20d
987,70236214,2026-05-11,FTNT,8,2,MLE_TOP10xIRC_TOP10_20d
988,491932113,2026-05-11,STX,6,2,MLE_TOP10xIRC_TOP10_20d
989,4391,2026-05-12,AMD,7,1,MLE_TOP10xIRC_TOP10_20d
990,9939,2026-05-12,MU,2,1,MLE_TOP10xIRC_TOP10_20d
991,270639,2026-05-12,INTC,4,1,MLE_TOP10xIRC_TOP10_20d
992,273544,2026-05-12,QCOM,5,1,MLE_TOP10xIRC_TOP10_20d
993,1035459,2026-05-12,DVA,8,8,MLE_TOP10xIRC_TOP10_20d
994,70236214,2026-05-12,FTNT,9,2,MLE_TOP10xIRC_TOP10_20d
995,491932113,2026-05-12,STX,6,2,MLE_TOP10xIRC_TOP10_20d
996,4391,2026-05-13,AMD,8,1,MLE_TOP10xIRC_TOP10_20d
997,9939,2026-05-13,MU,2,1,MLE_TOP10xIRC_TOP10_20d
998,273544,2026-05-13,QCOM,5,1,MLE_TOP10xIRC_TOP10_20d
999,1035459,2026-05-13,DVA,9,9,MLE_TOP10xIRC_TOP10_20d
1000,70236214,2026-05-13,FTNT,4,2,MLE_TOP10xIRC_TOP10_20d
1001,491932113,2026-05-13,STX,10,2,MLE_TOP10xIRC_TOP10_20d
1002,4391,2026-05-14,AMD,8,1,MLE_TOP10xIRC_TOP10_20d
1003,9939,2026-05-14,MU,3,1,MLE_TOP10xIRC_TOP10_20d
1004,70236214,2026-05-14,FTNT,4,6,MLE_TOP10xIRC_TOP10_20d
1005,370757467,2026-05-14,CRWD,6,6,MLE_TOP10xIRC_TOP10_20d
1006,9939,2026-05-15,MU,5,2,MLE_TOP10xIRC_TOP10_20d
1007,70236214,2026-05-15,FTNT,3,7,MLE_TOP10xIRC_TOP10_20d
1008,370757467,2026-05-15,CRWD,8,7,MLE_TOP10xIRC_TOP10_20d
1009,4391,2026-05-18,AMD,10,2,MLE_TOP10xIRC_TOP10_20d
1010,70236214,2026-05-18,FTNT,3,7,MLE_TOP10xIRC_TOP10_20d
1011,370757467,2026-05-18,CRWD,5,7,MLE_TOP10xIRC_TOP10_20d
1012,268084,2026-05-19,CSCO,8,8,MLE_TOP10xIRC_TOP10_20d
1013,70236214,2026-05-19,FTNT,2,6,MLE_TOP10xIRC_TOP10_20d
1014,370757467,2026-05-19,CRWD,5,6,MLE_TOP10xIRC_TOP10_20d
1015,70236214,2026-05-20,FTNT,2,4,MLE_TOP10xIRC_TOP10_20d
1016,370757467,2026-05-20,CRWD,3,4,MLE_TOP10xIRC_TOP10_20d
1017,8251,2026-05-21,HUM,6,9,MLE_TOP10xIRC_TOP10_20d
1018,9939,2026-05-21,MU,10,2,MLE_TOP10xIRC_TOP10_20d
1019,268084,2026-05-21,CSCO,2,10,MLE_TOP10xIRC_TOP10_20d
1020,70236214,2026-05-21,FTNT,7,1,MLE_TOP10xIRC_TOP10_20d
1021,110619459,2026-05-21,PANW,1,6,MLE_TOP10xIRC_TOP10_20d
1022,370757467,2026-05-21,CRWD,3,1,MLE_TOP10xIRC_TOP10_20d
1023,390332324,2026-05-21,GEN,5,6,MLE_TOP10xIRC_TOP10_20d
1024,268084,2026-05-22,CSCO,3,6,MLE_TOP10xIRC_TOP10_20d
1025,4726021,2026-05-22,SWKS,4,2,MLE_TOP10xIRC_TOP10_20d
1026,49921110,2026-05-22,NTAP,8,1,MLE_TOP10xIRC_TOP10_20d
1027,70236214,2026-05-22,FTNT,9,1,MLE_TOP10xIRC_TOP10_20d
1028,209411798,2026-05-22,HPE,6,1,MLE_TOP10xIRC_TOP10_20d
1029,370757467,2026-05-22,CRWD,1,1,MLE_TOP10xIRC_TOP10_20d
1030,268084,2026-05-26,CSCO,7,9,MLE_TOP10xIRC_TOP10_20d
1031,4726021,2026-05-26,SWKS,8,2,MLE_TOP10xIRC_TOP10_20d
1032,8677881,2026-05-26,ON,9,2,MLE_TOP10xIRC_TOP10_20d
1033,49921110,2026-05-26,NTAP,10,1,MLE_TOP10xIRC_TOP10_20d
1034,209411798,2026-05-26,HPE,4,1,MLE_TOP10xIRC_TOP10_20d
1035,346218218,2026-05-26,DELL,3,1,MLE_TOP10xIRC_TOP10_20d
1036,370757467,2026-05-26,CRWD,2,1,MLE_TOP10xIRC_TOP10_20d
1037,9939,2026-05-27,MU,5,3,MLE_TOP10xIRC_TOP10_20d
1038,8677881,2026-05-27,ON,10,3,MLE_TOP10xIRC_TOP10_20d
1039,9599491,2026-05-27,F,1,5,MLE_TOP10xIRC_TOP10_20d
1040,49921110,2026-05-27,NTAP,4,1,MLE_TOP10xIRC_TOP10_20d
1041,209411798,2026-05-27,HPE,3,1,MLE_TOP10xIRC_TOP10_20d
1042,209411801,2026-05-27,HPQ,6,1,MLE_TOP10xIRC_TOP10_20d
1043,346218218,2026-05-27,DELL,2,1,MLE_TOP10xIRC_TOP10_20d
1044,8314,2026-05-28,IBM,9,2,MLE_TOP10xIRC_TOP10_20d
1045,9599491,2026-05-28,F,10,4,MLE_TOP10xIRC_TOP10_20d
1046,346218218,2026-05-28,DELL,4,2,MLE_TOP10xIRC_TOP10_20d
1047,481863646,2026-05-28,APP,2,10,MLE_TOP10xIRC_TOP10_20d
1048,731466419,2026-05-28,SMCI,6,2,MLE_TOP10xIRC_TOP10_20d
1049,8314,2026-05-29,IBM,6,1,MLE_TOP10xIRC_TOP10_20d
1050,49921110,2026-05-29,NTAP,2,1,MLE_TOP10xIRC_TOP10_20d
1051,109911821,2026-05-29,NOW,5,6,MLE_TOP10xIRC_TOP10_20d
1052,209411801,2026-05-29,HPQ,8,1,MLE_TOP10xIRC_TOP10_20d
1053,346218218,2026-05-29,DELL,1,1,MLE_TOP10xIRC_TOP10_20d
1054,731466419,2026-05-29,SMCI,3,1,MLE_TOP10xIRC_TOP10_20d
1055,8314,2026-06-01,IBM,4,1,MLE_TOP10xIRC_TOP10_20d
1056,9560,2026-06-01,MGM,10,7,MLE_TOP10xIRC_TOP10_20d
1057,9939,2026-06-01,MU,6,3,MLE_TOP10xIRC_TOP10_20d
1058,49921110,2026-06-01,NTAP,3,1,MLE_TOP10xIRC_TOP10_20d
1059,109911821,2026-06-01,NOW,5,4,MLE_TOP10xIRC_TOP10_20d
1060,209411798,2026-06-01,HPE,7,1,MLE_TOP10xIRC_TOP10_20d
1061,209411801,2026-06-01,HPQ,8,1,MLE_TOP10xIRC_TOP10_20d
1062,346218218,2026-06-01,DELL,1,1,MLE_TOP10xIRC_TOP10_20d
1063,731466419,2026-06-01,SMCI,2,1,MLE_TOP10xIRC_TOP10_20d
1064,8314,2026-06-02,IBM,5,1,MLE_TOP10xIRC_TOP10_20d
1065,9939,2026-06-02,MU,4,3,MLE_TOP10xIRC_TOP10_20d
1066,272800,2026-06-02,ORCL,10,8,MLE_TOP10xIRC_TOP10_20d
1067,49921110,2026-06-02,NTAP,6,1,MLE_TOP10xIRC_TOP10_20d
1068,209411798,2026-06-02,HPE,2,1,MLE_TOP10xIRC_TOP10_20d
1069,346218218,2026-06-02,DELL,1,1,MLE_TOP10xIRC_TOP10_20d
1070,731466419,2026-06-02,SMCI,3,1,MLE_TOP10xIRC_TOP10_20d
1071,8314,2026-06-03,IBM,8,1,MLE_TOP10xIRC_TOP10_20d
1072,9560,2026-06-03,MGM,9,6,MLE_TOP10xIRC_TOP10_20d
1073,9939,2026-06-03,MU,4,2,MLE_TOP10xIRC_TOP10_20d
1074,49921110,2026-06-03,NTAP,5,1,MLE_TOP10xIRC_TOP10_20d
1075,209411798,2026-06-03,HPE,2,1,MLE_TOP10xIRC_TOP10_20d
1076,346218218,2026-06-03,DELL,1,1,MLE_TOP10xIRC_TOP10_20d
1077,731466419,2026-06-03,SMCI,3,1,MLE_TOP10xIRC_TOP10_20d
1078,8314,2026-06-04,IBM,6,1,MLE_TOP10xIRC_TOP10_20d
1079,9560,2026-06-04,MGM,9,5,MLE_TOP10xIRC_TOP10_20d
1080,9939,2026-06-04,MU,5,2,MLE_TOP10xIRC_TOP10_20d
1081,49921110,2026-06-04,NTAP,3,1,MLE_TOP10xIRC_TOP10_20d
1082,209411798,2026-06-04,HPE,2,1,MLE_TOP10xIRC_TOP10_20d
1083,346218218,2026-06-04,DELL,1,1,MLE_TOP10xIRC_TOP10_20d
1084,731466419,2026-06-04,SMCI,4,1,MLE_TOP10xIRC_TOP10_20d
1085,9560,2026-06-05,MGM,4,3,MLE_TOP10xIRC_TOP10_20d
1086,1715006,2026-06-05,A,10,8,MLE_TOP10xIRC_TOP10_20d
1087,49921110,2026-06-05,NTAP,3,1,MLE_TOP10xIRC_TOP10_20d
1088,209411798,2026-06-05,HPE,2,1,MLE_TOP10xIRC_TOP10_20d
1089,346218218,2026-06-05,DELL,1,1,MLE_TOP10xIRC_TOP10_20d
1090,731466419,2026-06-05,SMCI,7,1,MLE_TOP10xIRC_TOP10_20d
1091,9560,2026-06-08,MGM,5,2,MLE_TOP10xIRC_TOP10_20d
1092,49921110,2026-06-08,NTAP,6,1,MLE_TOP10xIRC_TOP10_20d
1093,209411798,2026-06-08,HPE,2,1,MLE_TOP10xIRC_TOP10_20d
1094,346218218,2026-06-08,DELL,1,1,MLE_TOP10xIRC_TOP10_20d
1095,731466419,2026-06-08,SMCI,4,1,MLE_TOP10xIRC_TOP10_20d
1096,8251,2026-06-09,HUM,6,8,MLE_TOP10xIRC_TOP10_20d
1097,9560,2026-06-09,MGM,4,5,MLE_TOP10xIRC_TOP10_20d
1098,1715006,2026-06-09,A,10,3,MLE_TOP10xIRC_TOP10_20d
1099,2730877,2026-06-09,CRL,5,8,MLE_TOP10xIRC_TOP10_20d
1100,49921110,2026-06-09,NTAP,9,6,MLE_TOP10xIRC_TOP10_20d
1101,209411798,2026-06-09,HPE,1,6,MLE_TOP10xIRC_TOP10_20d
1102,346218218,2026-06-09,DELL,2,6,MLE_TOP10xIRC_TOP10_20d
1103,1715006,2026-06-10,A,10,8,MLE_TOP10xIRC_TOP10_20d
1104,272667,2026-06-11,ODFL,9,8,MLE_TOP10xIRC_TOP10_20d
1105,49921110,2026-06-11,NTAP,8,7,MLE_TOP10xIRC_TOP10_20d
1106,209411798,2026-06-11,HPE,4,7,MLE_TOP10xIRC_TOP10_20d
1107,346218218,2026-06-11,DELL,2,7,MLE_TOP10xIRC_TOP10_20d
1108,8251,2026-06-12,HUM,2,10,MLE_TOP10xIRC_TOP10_20d
1109,9560,2026-06-12,MGM,8,5,MLE_TOP10xIRC_TOP10_20d
1110,209411798,2026-06-12,HPE,10,4,MLE_TOP10xIRC_TOP10_20d
1111,12729,2026-06-15,TER,4,8,MLE_TOP10xIRC_TOP10_20d
1112,13681,2026-06-15,WDC,3,4,MLE_TOP10xIRC_TOP10_20d
1113,266093,2026-06-15,AMAT,1,8,MLE_TOP10xIRC_TOP10_20d
1114,270639,2026-06-15,INTC,6,8,MLE_TOP10xIRC_TOP10_20d
1115,732440574,2026-06-15,LRCX,2,8,MLE_TOP10xIRC_TOP10_20d
1116,13681,2026-06-16,WDC,3,7,MLE_TOP10xIRC_TOP10_20d
1117,9282,2026-06-17,LUV,6,2,MLE_TOP10xIRC_TOP10_20d
1118,13681,2026-06-17,WDC,3,6,MLE_TOP10xIRC_TOP10_20d
1119,491932113,2026-06-17,STX,10,6,MLE_TOP10xIRC_TOP10_20d
1120,9282,2026-06-18,LUV,6,2,MLE_TOP10xIRC_TOP10_20d
1121,266093,2026-06-18,AMAT,3,5,MLE_TOP10xIRC_TOP10_20d
1122,270639,2026-06-18,INTC,5,5,MLE_TOP10xIRC_TOP10_20d
1123,691984365,2026-06-18,GEV,10,8,MLE_TOP10xIRC_TOP10_20d
1124,732440574,2026-06-18,LRCX,7,5,MLE_TOP10xIRC_TOP10_20d
1125,9939,2026-06-22,MU,4,4,MLE_TOP10xIRC_TOP10_20d
1126,12729,2026-06-22,TER,8,4,MLE_TOP10xIRC_TOP10_20d
1127,266093,2026-06-22,AMAT,3,4,MLE_TOP10xIRC_TOP10_20d
1128,270639,2026-06-22,INTC,2,4,MLE_TOP10xIRC_TOP10_20d
1129,691984365,2026-06-22,GEV,10,5,MLE_TOP10xIRC_TOP10_20d
1130,732440574,2026-06-22,LRCX,5,4,MLE_TOP10xIRC_TOP10_20d
1131,5052,2026-06-23,BALL,9,5,MLE_TOP10xIRC_TOP10_20d
1132,9282,2026-06-23,LUV,4,1,MLE_TOP10xIRC_TOP10_20d
1133,79498203,2026-06-23,UAL,8,1,MLE_TOP10xIRC_TOP10_20d
1134,9282,2026-06-24,LUV,7,1,MLE_TOP10xIRC_TOP10_20d
1135,79498203,2026-06-24,UAL,5,1,MLE_TOP10xIRC_TOP10_20d
1136,9282,2026-06-25,LUV,7,1,MLE_TOP10xIRC_TOP10_20d
1137,79498203,2026-06-25,UAL,5,1,MLE_TOP10xIRC_TOP10_20d
1138,9282,2026-06-26,LUV,7,1,MLE_TOP10xIRC_TOP10_20d
1139,79498203,2026-06-26,UAL,4,1,MLE_TOP10xIRC_TOP10_20d
1140,344809106,2026-06-26,MRNA,1,7,MLE_TOP10xIRC_TOP10_20d
1141,9282,2026-06-27,LUV,7,1,MLE_TOP10xIRC_TOP10_20d
1142,79498203,2026-06-27,UAL,4,1,MLE_TOP10xIRC_TOP10_20d
1143,344809106,2026-06-27,MRNA,1,7,MLE_TOP10xIRC_TOP10_20d
