conid,candidate_date,ticker,mle_rank,irc_rank,source_signal_label
10291,2025-07-09,NKE,6,3,MLE_TOP10xIRC_TOP10_20d
11520,2025-07-09,RCL,7,1,MLE_TOP10xIRC_TOP10_20d
16454492,2025-07-09,WYNN,5,2,MLE_TOP10xIRC_TOP10_20d
32602412,2025-07-09,LVS,10,2,MLE_TOP10xIRC_TOP10_20d
9282,2025-07-10,LUV,10,7,MLE_TOP10xIRC_TOP10_20d
10291,2025-07-10,NKE,4,4,MLE_TOP10xIRC_TOP10_20d
11520,2025-07-10,RCL,7,1,MLE_TOP10xIRC_TOP10_20d
16454492,2025-07-10,WYNN,5,2,MLE_TOP10xIRC_TOP10_20d
79498203,2025-07-10,UAL,8,7,MLE_TOP10xIRC_TOP10_20d
120643512,2025-07-10,NCLH,6,1,MLE_TOP10xIRC_TOP10_20d
9282,2025-07-11,LUV,4,4,MLE_TOP10xIRC_TOP10_20d
10291,2025-07-11,NKE,8,5,MLE_TOP10xIRC_TOP10_20d
16454492,2025-07-11,WYNN,3,2,MLE_TOP10xIRC_TOP10_20d
44001820,2025-07-11,DAL,9,4,MLE_TOP10xIRC_TOP10_20d
120643512,2025-07-11,NCLH,7,1,MLE_TOP10xIRC_TOP10_20d
9282,2025-07-14,LUV,5,2,MLE_TOP10xIRC_TOP10_20d
16454492,2025-07-14,WYNN,4,3,MLE_TOP10xIRC_TOP10_20d
32602412,2025-07-14,LVS,10,3,MLE_TOP10xIRC_TOP10_20d
44001820,2025-07-14,DAL,6,2,MLE_TOP10xIRC_TOP10_20d
120643512,2025-07-14,NCLH,8,1,MLE_TOP10xIRC_TOP10_20d
292491487,2025-07-14,TPR,7,6,MLE_TOP10xIRC_TOP10_20d
9282,2025-07-15,LUV,6,3,MLE_TOP10xIRC_TOP10_20d
8677881,2025-07-15,ON,8,6,MLE_TOP10xIRC_TOP10_20d
16454492,2025-07-15,WYNN,2,2,MLE_TOP10xIRC_TOP10_20d
32602412,2025-07-15,LVS,4,2,MLE_TOP10xIRC_TOP10_20d
44001820,2025-07-15,DAL,7,3,MLE_TOP10xIRC_TOP10_20d
120643512,2025-07-15,NCLH,9,1,MLE_TOP10xIRC_TOP10_20d
292491487,2025-07-15,TPR,3,5,MLE_TOP10xIRC_TOP10_20d
4391,2025-07-16,AMD,3,8,MLE_TOP10xIRC_TOP10_20d
44001820,2025-07-16,DAL,7,3,MLE_TOP10xIRC_TOP10_20d
292491487,2025-07-16,TPR,4,4,MLE_TOP10xIRC_TOP10_20d
292491487,2025-07-17,TPR,2,5,MLE_TOP10xIRC_TOP10_20d
584127832,2025-07-17,COHR,8,7,MLE_TOP10xIRC_TOP10_20d
691984365,2025-07-17,GEV,9,3,MLE_TOP10xIRC_TOP10_20d
292491487,2025-07-18,TPR,6,4,MLE_TOP10xIRC_TOP10_20d
4391,2025-07-21,AMD,4,7,MLE_TOP10xIRC_TOP10_20d
79498203,2025-07-21,UAL,9,2,MLE_TOP10xIRC_TOP10_20d
292491487,2025-07-21,TPR,7,3,MLE_TOP10xIRC_TOP10_20d
268627,2025-07-22,DHI,5,6,MLE_TOP10xIRC_TOP10_20d
292491487,2025-07-22,TPR,6,3,MLE_TOP10xIRC_TOP10_20d
292491487,2025-07-23,TPR,8,2,MLE_TOP10xIRC_TOP10_20d
691984365,2025-07-23,GEV,3,3,MLE_TOP10xIRC_TOP10_20d
731466408,2025-07-23,TEL,4,10,MLE_TOP10xIRC_TOP10_20d
281316445,2025-07-24,BKR,8,6,MLE_TOP10xIRC_TOP10_20d
691984365,2025-07-24,GEV,7,3,MLE_TOP10xIRC_TOP10_20d
268376,2025-07-25,DECK,10,3,MLE_TOP10xIRC_TOP10_20d
6607708,2025-07-25,FIX,1,1,MLE_TOP10xIRC_TOP10_20d
691984365,2025-07-25,GEV,5,5,MLE_TOP10xIRC_TOP10_20d
731466408,2025-07-25,TEL,7,10,MLE_TOP10xIRC_TOP10_20d
6607708,2025-07-28,FIX,1,1,MLE_TOP10xIRC_TOP10_20d
281316445,2025-07-28,BKR,9,6,MLE_TOP10xIRC_TOP10_20d
691984365,2025-07-28,GEV,10,3,MLE_TOP10xIRC_TOP10_20d
731466408,2025-07-28,TEL,5,8,MLE_TOP10xIRC_TOP10_20d
6820,2025-07-29,EME,10,1,MLE_TOP10xIRC_TOP10_20d
268376,2025-07-29,DECK,8,5,MLE_TOP10xIRC_TOP10_20d
6607708,2025-07-29,FIX,2,1,MLE_TOP10xIRC_TOP10_20d
281316445,2025-07-29,BKR,9,2,MLE_TOP10xIRC_TOP10_20d
731466408,2025-07-29,TEL,5,8,MLE_TOP10xIRC_TOP10_20d
6607708,2025-07-30,FIX,1,1,MLE_TOP10xIRC_TOP10_20d
72529783,2025-07-30,GNRC,3,3,MLE_TOP10xIRC_TOP10_20d
281316445,2025-07-30,BKR,7,8,MLE_TOP10xIRC_TOP10_20d
731466408,2025-07-30,TEL,9,7,MLE_TOP10xIRC_TOP10_20d
7655,2025-07-31,GLW,7,10,MLE_TOP10xIRC_TOP10_20d
4347086,2025-07-31,EBAY,4,8,MLE_TOP10xIRC_TOP10_20d
6607708,2025-07-31,FIX,2,2,MLE_TOP10xIRC_TOP10_20d
72529783,2025-07-31,GNRC,1,3,MLE_TOP10xIRC_TOP10_20d
691984365,2025-07-31,GEV,8,1,MLE_TOP10xIRC_TOP10_20d
731466408,2025-07-31,TEL,9,7,MLE_TOP10xIRC_TOP10_20d
268627,2025-08-01,DHI,7,3,MLE_TOP10xIRC_TOP10_20d
6607708,2025-08-01,FIX,2,1,MLE_TOP10xIRC_TOP10_20d
72529783,2025-08-01,GNRC,1,6,MLE_TOP10xIRC_TOP10_20d
691984365,2025-08-01,GEV,6,2,MLE_TOP10xIRC_TOP10_20d
268627,2025-08-04,DHI,8,3,MLE_TOP10xIRC_TOP10_20d
5019164,2025-08-04,WSM,9,10,MLE_TOP10xIRC_TOP10_20d
6607708,2025-08-04,FIX,3,1,MLE_TOP10xIRC_TOP10_20d
72529783,2025-08-04,GNRC,2,5,MLE_TOP10xIRC_TOP10_20d
691984365,2025-08-04,GEV,7,2,MLE_TOP10xIRC_TOP10_20d
6607708,2025-08-05,FIX,2,1,MLE_TOP10xIRC_TOP10_20d
691984365,2025-08-05,GEV,5,2,MLE_TOP10xIRC_TOP10_20d
6607708,2025-08-06,FIX,2,1,MLE_TOP10xIRC_TOP10_20d
7655,2025-08-07,GLW,9,4,MLE_TOP10xIRC_TOP10_20d
6607708,2025-08-07,FIX,2,2,MLE_TOP10xIRC_TOP10_20d
740948854,2025-08-07,ANET,4,4,MLE_TOP10xIRC_TOP10_20d
7655,2025-08-08,GLW,5,3,MLE_TOP10xIRC_TOP10_20d
4347086,2025-08-08,EBAY,10,6,MLE_TOP10xIRC_TOP10_20d
481863646,2025-08-08,APP,1,6,MLE_TOP10xIRC_TOP10_20d
740948854,2025-08-08,ANET,3,3,MLE_TOP10xIRC_TOP10_20d
7655,2025-08-11,GLW,4,3,MLE_TOP10xIRC_TOP10_20d
4347086,2025-08-11,EBAY,3,8,MLE_TOP10xIRC_TOP10_20d
481863646,2025-08-11,APP,2,8,MLE_TOP10xIRC_TOP10_20d
740948854,2025-08-11,ANET,5,3,MLE_TOP10xIRC_TOP10_20d
4347086,2025-08-12,EBAY,3,8,MLE_TOP10xIRC_TOP10_20d
481863646,2025-08-12,APP,2,8,MLE_TOP10xIRC_TOP10_20d
740948854,2025-08-12,ANET,7,4,MLE_TOP10xIRC_TOP10_20d
9091,2025-08-13,LEN,8,1,MLE_TOP10xIRC_TOP10_20d
655276609,2025-08-13,CRH,6,2,MLE_TOP10xIRC_TOP10_20d
9091,2025-08-14,LEN,8,1,MLE_TOP10xIRC_TOP10_20d
270639,2025-08-14,INTC,3,10,MLE_TOP10xIRC_TOP10_20d
32106121,2025-08-14,MPWR,5,10,MLE_TOP10xIRC_TOP10_20d
98542021,2025-08-14,EXPE,10,9,MLE_TOP10xIRC_TOP10_20d
655276609,2025-08-14,CRH,7,4,MLE_TOP10xIRC_TOP10_20d
13272,2025-08-15,UNH,1,5,MLE_TOP10xIRC_TOP10_20d
44001820,2025-08-15,DAL,7,7,MLE_TOP10xIRC_TOP10_20d
79498203,2025-08-15,UAL,6,7,MLE_TOP10xIRC_TOP10_20d
655276609,2025-08-15,CRH,10,4,MLE_TOP10xIRC_TOP10_20d
740948854,2025-08-15,ANET,8,3,MLE_TOP10xIRC_TOP10_20d
8251,2025-08-18,HUM,9,5,MLE_TOP10xIRC_TOP10_20d
13272,2025-08-18,UNH,1,5,MLE_TOP10xIRC_TOP10_20d
44001820,2025-08-18,DAL,8,4,MLE_TOP10xIRC_TOP10_20d
79498203,2025-08-18,UAL,6,4,MLE_TOP10xIRC_TOP10_20d
740948854,2025-08-18,ANET,10,6,MLE_TOP10xIRC_TOP10_20d
13272,2025-08-19,UNH,2,5,MLE_TOP10xIRC_TOP10_20d
44001820,2025-08-19,DAL,9,1,MLE_TOP10xIRC_TOP10_20d
79498203,2025-08-19,UAL,6,1,MLE_TOP10xIRC_TOP10_20d
98542021,2025-08-19,EXPE,10,10,MLE_TOP10xIRC_TOP10_20d
655276609,2025-08-19,CRH,8,7,MLE_TOP10xIRC_TOP10_20d
13272,2025-08-20,UNH,1,7,MLE_TOP10xIRC_TOP10_20d
270639,2025-08-20,INTC,10,10,MLE_TOP10xIRC_TOP10_20d
13878278,2025-08-20,CNC,5,7,MLE_TOP10xIRC_TOP10_20d
8251,2025-08-21,HUM,3,3,MLE_TOP10xIRC_TOP10_20d
13272,2025-08-21,UNH,1,3,MLE_TOP10xIRC_TOP10_20d
13878278,2025-08-21,CNC,5,3,MLE_TOP10xIRC_TOP10_20d
346403540,2025-08-21,CI,10,3,MLE_TOP10xIRC_TOP10_20d
11520,2025-08-22,RCL,9,6,MLE_TOP10xIRC_TOP10_20d
13272,2025-08-22,UNH,2,5,MLE_TOP10xIRC_TOP10_20d
13878278,2025-08-22,CNC,8,5,MLE_TOP10xIRC_TOP10_20d
44001820,2025-08-22,DAL,7,3,MLE_TOP10xIRC_TOP10_20d
79498203,2025-08-22,UAL,6,3,MLE_TOP10xIRC_TOP10_20d
13272,2025-08-25,UNH,1,4,MLE_TOP10xIRC_TOP10_20d
13878278,2025-08-25,CNC,7,4,MLE_TOP10xIRC_TOP10_20d
79498203,2025-08-25,UAL,8,3,MLE_TOP10xIRC_TOP10_20d
11520,2025-08-26,RCL,5,7,MLE_TOP10xIRC_TOP10_20d
13272,2025-08-26,UNH,3,5,MLE_TOP10xIRC_TOP10_20d
47965865,2025-08-26,SATS,1,8,MLE_TOP10xIRC_TOP10_20d
11520,2025-08-27,RCL,2,4,MLE_TOP10xIRC_TOP10_20d
13272,2025-08-27,UNH,4,7,MLE_TOP10xIRC_TOP10_20d
47965865,2025-08-27,SATS,1,9,MLE_TOP10xIRC_TOP10_20d
11520,2025-08-28,RCL,3,5,MLE_TOP10xIRC_TOP10_20d
13272,2025-08-28,UNH,10,6,MLE_TOP10xIRC_TOP10_20d
16454492,2025-08-28,WYNN,5,7,MLE_TOP10xIRC_TOP10_20d
11520,2025-08-29,RCL,4,6,MLE_TOP10xIRC_TOP10_20d
16454492,2025-08-29,WYNN,3,5,MLE_TOP10xIRC_TOP10_20d
474515500,2025-08-29,APA,6,10,MLE_TOP10xIRC_TOP10_20d
13497,2025-09-02,VLO,5,5,MLE_TOP10xIRC_TOP10_20d
16454492,2025-09-02,WYNN,4,4,MLE_TOP10xIRC_TOP10_20d
47965865,2025-09-02,SATS,1,8,MLE_TOP10xIRC_TOP10_20d
89495776,2025-09-02,MPC,10,5,MLE_TOP10xIRC_TOP10_20d
201113895,2025-09-02,LITE,8,10,MLE_TOP10xIRC_TOP10_20d
474515500,2025-09-02,APA,2,5,MLE_TOP10xIRC_TOP10_20d
13497,2025-09-03,VLO,8,10,MLE_TOP10xIRC_TOP10_20d
47965865,2025-09-03,SATS,1,8,MLE_TOP10xIRC_TOP10_20d
474515500,2025-09-03,APA,9,10,MLE_TOP10xIRC_TOP10_20d
41045553,2025-09-04,CIEN,2,6,MLE_TOP10xIRC_TOP10_20d
47965865,2025-09-04,SATS,1,6,MLE_TOP10xIRC_TOP10_20d
474515500,2025-09-04,APA,10,9,MLE_TOP10xIRC_TOP10_20d
13681,2025-09-05,WDC,4,7,MLE_TOP10xIRC_TOP10_20d
41045553,2025-09-05,CIEN,2,9,MLE_TOP10xIRC_TOP10_20d
47965865,2025-09-05,SATS,1,9,MLE_TOP10xIRC_TOP10_20d
201113895,2025-09-05,LITE,3,7,MLE_TOP10xIRC_TOP10_20d
313130367,2025-09-05,AVGO,10,6,MLE_TOP10xIRC_TOP10_20d
491932113,2025-09-05,STX,5,7,MLE_TOP10xIRC_TOP10_20d
13681,2025-09-08,WDC,5,5,MLE_TOP10xIRC_TOP10_20d
201113895,2025-09-08,LITE,3,5,MLE_TOP10xIRC_TOP10_20d
313130367,2025-09-08,AVGO,7,7,MLE_TOP10xIRC_TOP10_20d
491932113,2025-09-08,STX,6,5,MLE_TOP10xIRC_TOP10_20d
9939,2025-09-09,MU,7,7,MLE_TOP10xIRC_TOP10_20d
13681,2025-09-09,WDC,5,4,MLE_TOP10xIRC_TOP10_20d
201113895,2025-09-09,LITE,4,4,MLE_TOP10xIRC_TOP10_20d
208813719,2025-09-09,GOOGL,8,9,MLE_TOP10xIRC_TOP10_20d
208813720,2025-09-09,GOOG,9,9,MLE_TOP10xIRC_TOP10_20d
313130367,2025-09-09,AVGO,10,7,MLE_TOP10xIRC_TOP10_20d
481863646,2025-09-09,APP,3,9,MLE_TOP10xIRC_TOP10_20d
491932113,2025-09-09,STX,6,4,MLE_TOP10xIRC_TOP10_20d
41045553,2025-09-10,CIEN,2,9,MLE_TOP10xIRC_TOP10_20d
47965865,2025-09-10,SATS,1,9,MLE_TOP10xIRC_TOP10_20d
208813719,2025-09-10,GOOGL,10,8,MLE_TOP10xIRC_TOP10_20d
481863646,2025-09-10,APP,6,8,MLE_TOP10xIRC_TOP10_20d
13878278,2025-09-11,CNC,10,10,MLE_TOP10xIRC_TOP10_20d
41045553,2025-09-11,CIEN,1,5,MLE_TOP10xIRC_TOP10_20d
47965865,2025-09-11,SATS,3,5,MLE_TOP10xIRC_TOP10_20d
13681,2025-09-12,WDC,8,9,MLE_TOP10xIRC_TOP10_20d
201113895,2025-09-12,LITE,7,9,MLE_TOP10xIRC_TOP10_20d
41045553,2025-09-15,CIEN,2,5,MLE_TOP10xIRC_TOP10_20d
76792991,2025-09-15,TSLA,9,8,MLE_TOP10xIRC_TOP10_20d
9939,2025-09-16,MU,4,9,MLE_TOP10xIRC_TOP10_20d
13681,2025-09-16,WDC,7,8,MLE_TOP10xIRC_TOP10_20d
41045553,2025-09-16,CIEN,2,10,MLE_TOP10xIRC_TOP10_20d
76792991,2025-09-16,TSLA,6,7,MLE_TOP10xIRC_TOP10_20d
201113895,2025-09-16,LITE,5,8,MLE_TOP10xIRC_TOP10_20d
491932113,2025-09-16,STX,10,8,MLE_TOP10xIRC_TOP10_20d
732440574,2025-09-16,LRCX,9,9,MLE_TOP10xIRC_TOP10_20d
9939,2025-09-17,MU,4,10,MLE_TOP10xIRC_TOP10_20d
41045553,2025-09-17,CIEN,2,9,MLE_TOP10xIRC_TOP10_20d
201113895,2025-09-17,LITE,8,8,MLE_TOP10xIRC_TOP10_20d
491932113,2025-09-17,STX,9,8,MLE_TOP10xIRC_TOP10_20d
732440574,2025-09-17,LRCX,6,10,MLE_TOP10xIRC_TOP10_20d
9939,2025-09-18,MU,2,3,MLE_TOP10xIRC_TOP10_20d
266093,2025-09-18,AMAT,10,3,MLE_TOP10xIRC_TOP10_20d
270639,2025-09-18,INTC,6,3,MLE_TOP10xIRC_TOP10_20d
76792991,2025-09-18,TSLA,7,8,MLE_TOP10xIRC_TOP10_20d
201113895,2025-09-18,LITE,9,5,MLE_TOP10xIRC_TOP10_20d
370757467,2025-09-18,CRWD,8,5,MLE_TOP10xIRC_TOP10_20d
481863646,2025-09-18,APP,5,9,MLE_TOP10xIRC_TOP10_20d
732440574,2025-09-18,LRCX,4,3,MLE_TOP10xIRC_TOP10_20d
9939,2025-09-19,MU,4,4,MLE_TOP10xIRC_TOP10_20d
270639,2025-09-19,INTC,8,4,MLE_TOP10xIRC_TOP10_20d
76792991,2025-09-19,TSLA,7,9,MLE_TOP10xIRC_TOP10_20d
370757467,2025-09-19,CRWD,9,3,MLE_TOP10xIRC_TOP10_20d
481863646,2025-09-19,APP,3,8,MLE_TOP10xIRC_TOP10_20d
504546674,2025-09-19,HOOD,6,8,MLE_TOP10xIRC_TOP10_20d
732440574,2025-09-19,LRCX,5,4,MLE_TOP10xIRC_TOP10_20d
9939,2025-09-22,MU,5,3,MLE_TOP10xIRC_TOP10_20d
13681,2025-09-22,WDC,9,4,MLE_TOP10xIRC_TOP10_20d
266093,2025-09-22,AMAT,7,3,MLE_TOP10xIRC_TOP10_20d
270957,2025-09-22,KLAC,10,3,MLE_TOP10xIRC_TOP10_20d
402783527,2025-09-22,VRT,6,1,MLE_TOP10xIRC_TOP10_20d
491932113,2025-09-22,STX,8,4,MLE_TOP10xIRC_TOP10_20d
732440574,2025-09-22,LRCX,3,3,MLE_TOP10xIRC_TOP10_20d
9939,2025-09-23,MU,4,4,MLE_TOP10xIRC_TOP10_20d
12729,2025-09-23,TER,9,4,MLE_TOP10xIRC_TOP10_20d
266093,2025-09-23,AMAT,5,4,MLE_TOP10xIRC_TOP10_20d
270639,2025-09-23,INTC,7,4,MLE_TOP10xIRC_TOP10_20d
270957,2025-09-23,KLAC,10,4,MLE_TOP10xIRC_TOP10_20d
491932113,2025-09-23,STX,8,1,MLE_TOP10xIRC_TOP10_20d
732440574,2025-09-23,LRCX,3,4,MLE_TOP10xIRC_TOP10_20d
9939,2025-09-24,MU,8,4,MLE_TOP10xIRC_TOP10_20d
13681,2025-09-24,WDC,9,3,MLE_TOP10xIRC_TOP10_20d
266093,2025-09-24,AMAT,4,4,MLE_TOP10xIRC_TOP10_20d
270639,2025-09-24,INTC,3,4,MLE_TOP10xIRC_TOP10_20d
270957,2025-09-24,KLAC,10,4,MLE_TOP10xIRC_TOP10_20d
76792991,2025-09-24,TSLA,2,8,MLE_TOP10xIRC_TOP10_20d
491932113,2025-09-24,STX,7,3,MLE_TOP10xIRC_TOP10_20d
732440574,2025-09-24,LRCX,6,4,MLE_TOP10xIRC_TOP10_20d
12729,2025-09-25,TER,4,4,MLE_TOP10xIRC_TOP10_20d
13681,2025-09-25,WDC,10,3,MLE_TOP10xIRC_TOP10_20d
265598,2025-09-25,AAPL,9,3,MLE_TOP10xIRC_TOP10_20d
266093,2025-09-25,AMAT,3,4,MLE_TOP10xIRC_TOP10_20d
270639,2025-09-25,INTC,1,4,MLE_TOP10xIRC_TOP10_20d
76792991,2025-09-25,TSLA,5,6,MLE_TOP10xIRC_TOP10_20d
481863646,2025-09-25,APP,7,9,MLE_TOP10xIRC_TOP10_20d
491932113,2025-09-25,STX,8,3,MLE_TOP10xIRC_TOP10_20d
7890,2025-09-26,HAL,7,1,MLE_TOP10xIRC_TOP10_20d
8314,2025-09-26,IBM,8,4,MLE_TOP10xIRC_TOP10_20d
12729,2025-09-26,TER,3,2,MLE_TOP10xIRC_TOP10_20d
13497,2025-09-26,VLO,10,7,MLE_TOP10xIRC_TOP10_20d
266093,2025-09-26,AMAT,2,2,MLE_TOP10xIRC_TOP10_20d
270639,2025-09-26,INTC,1,2,MLE_TOP10xIRC_TOP10_20d
481863646,2025-09-26,APP,5,10,MLE_TOP10xIRC_TOP10_20d
7890,2025-09-29,HAL,8,2,MLE_TOP10xIRC_TOP10_20d
12729,2025-09-29,TER,5,4,MLE_TOP10xIRC_TOP10_20d
13681,2025-09-29,WDC,9,3,MLE_TOP10xIRC_TOP10_20d
266093,2025-09-29,AMAT,3,4,MLE_TOP10xIRC_TOP10_20d
270639,2025-09-29,INTC,1,4,MLE_TOP10xIRC_TOP10_20d
12729,2025-09-30,TER,3,3,MLE_TOP10xIRC_TOP10_20d
13681,2025-09-30,WDC,7,2,MLE_TOP10xIRC_TOP10_20d
266093,2025-09-30,AMAT,5,3,MLE_TOP10xIRC_TOP10_20d
270639,2025-09-30,INTC,1,3,MLE_TOP10xIRC_TOP10_20d
13878278,2025-09-30,CNC,9,9,MLE_TOP10xIRC_TOP10_20d
182880167,2025-09-30,ES,10,10,MLE_TOP10xIRC_TOP10_20d
12729,2025-10-01,TER,3,2,MLE_TOP10xIRC_TOP10_20d
13681,2025-10-01,WDC,2,3,MLE_TOP10xIRC_TOP10_20d
266093,2025-10-01,AMAT,5,2,MLE_TOP10xIRC_TOP10_20d
270639,2025-10-01,INTC,1,2,MLE_TOP10xIRC_TOP10_20d
402783527,2025-10-01,VRT,7,1,MLE_TOP10xIRC_TOP10_20d
491932113,2025-10-01,STX,6,3,MLE_TOP10xIRC_TOP10_20d
731466419,2025-10-01,SMCI,10,3,MLE_TOP10xIRC_TOP10_20d
732440574,2025-10-01,LRCX,9,2,MLE_TOP10xIRC_TOP10_20d
12729,2025-10-02,TER,3,2,MLE_TOP10xIRC_TOP10_20d
13681,2025-10-02,WDC,1,3,MLE_TOP10xIRC_TOP10_20d
266093,2025-10-02,AMAT,5,2,MLE_TOP10xIRC_TOP10_20d
270639,2025-10-02,INTC,2,2,MLE_TOP10xIRC_TOP10_20d
491932113,2025-10-02,STX,6,3,MLE_TOP10xIRC_TOP10_20d
732440574,2025-10-02,LRCX,9,2,MLE_TOP10xIRC_TOP10_20d
9939,2025-10-03,MU,10,8,MLE_TOP10xIRC_TOP10_20d
12729,2025-10-03,TER,5,8,MLE_TOP10xIRC_TOP10_20d
13681,2025-10-03,WDC,3,2,MLE_TOP10xIRC_TOP10_20d
270639,2025-10-03,INTC,2,8,MLE_TOP10xIRC_TOP10_20d
13878278,2025-10-03,CNC,4,10,MLE_TOP10xIRC_TOP10_20d
4391,2025-10-06,AMD,1,2,MLE_TOP10xIRC_TOP10_20d
9939,2025-10-06,MU,7,2,MLE_TOP10xIRC_TOP10_20d
270639,2025-10-06,INTC,2,2,MLE_TOP10xIRC_TOP10_20d
731466419,2025-10-06,SMCI,5,6,MLE_TOP10xIRC_TOP10_20d
4391,2025-10-07,AMD,1,3,MLE_TOP10xIRC_TOP10_20d
270639,2025-10-07,INTC,2,3,MLE_TOP10xIRC_TOP10_20d
13878278,2025-10-07,CNC,5,9,MLE_TOP10xIRC_TOP10_20d
75960201,2025-10-07,NEE,7,6,MLE_TOP10xIRC_TOP10_20d
731466419,2025-10-07,SMCI,6,7,MLE_TOP10xIRC_TOP10_20d
4391,2025-10-08,AMD,1,6,MLE_TOP10xIRC_TOP10_20d
9939,2025-10-08,MU,4,6,MLE_TOP10xIRC_TOP10_20d
270639,2025-10-08,INTC,7,6,MLE_TOP10xIRC_TOP10_20d
346218218,2025-10-08,DELL,3,3,MLE_TOP10xIRC_TOP10_20d
731466419,2025-10-08,SMCI,2,3,MLE_TOP10xIRC_TOP10_20d
4391,2025-10-09,AMD,1,2,MLE_TOP10xIRC_TOP10_20d
9160,2025-10-09,LLY,9,8,MLE_TOP10xIRC_TOP10_20d
9939,2025-10-09,MU,5,2,MLE_TOP10xIRC_TOP10_20d
402783527,2025-10-09,VRT,7,1,MLE_TOP10xIRC_TOP10_20d
731466419,2025-10-09,SMCI,3,4,MLE_TOP10xIRC_TOP10_20d
4391,2025-10-10,AMD,1,7,MLE_TOP10xIRC_TOP10_20d
9160,2025-10-10,LLY,6,4,MLE_TOP10xIRC_TOP10_20d
9939,2025-10-10,MU,3,7,MLE_TOP10xIRC_TOP10_20d
346218218,2025-10-10,DELL,5,5,MLE_TOP10xIRC_TOP10_20d
402783527,2025-10-10,VRT,2,1,MLE_TOP10xIRC_TOP10_20d
731466419,2025-10-10,SMCI,4,5,MLE_TOP10xIRC_TOP10_20d
4391,2025-10-13,AMD,1,4,MLE_TOP10xIRC_TOP10_20d
9939,2025-10-13,MU,4,4,MLE_TOP10xIRC_TOP10_20d
2730877,2025-10-13,CRL,6,8,MLE_TOP10xIRC_TOP10_20d
346218218,2025-10-13,DELL,8,9,MLE_TOP10xIRC_TOP10_20d
402783527,2025-10-13,VRT,2,1,MLE_TOP10xIRC_TOP10_20d
731466419,2025-10-13,SMCI,3,9,MLE_TOP10xIRC_TOP10_20d
4391,2025-10-14,AMD,1,10,MLE_TOP10xIRC_TOP10_20d
9939,2025-10-14,MU,8,10,MLE_TOP10xIRC_TOP10_20d
75960201,2025-10-14,NEE,7,3,MLE_TOP10xIRC_TOP10_20d
402783527,2025-10-14,VRT,4,1,MLE_TOP10xIRC_TOP10_20d
538132976,2025-10-14,CEG,3,3,MLE_TOP10xIRC_TOP10_20d
731466419,2025-10-14,SMCI,10,9,MLE_TOP10xIRC_TOP10_20d
4391,2025-10-15,AMD,1,4,MLE_TOP10xIRC_TOP10_20d
5437,2025-10-15,CAT,9,1,MLE_TOP10xIRC_TOP10_20d
72529783,2025-10-15,GNRC,4,6,MLE_TOP10xIRC_TOP10_20d
79498203,2025-10-15,UAL,7,8,MLE_TOP10xIRC_TOP10_20d
402783527,2025-10-15,VRT,6,1,MLE_TOP10xIRC_TOP10_20d
538132976,2025-10-15,CEG,3,3,MLE_TOP10xIRC_TOP10_20d
4391,2025-10-16,AMD,1,6,MLE_TOP10xIRC_TOP10_20d
5437,2025-10-16,CAT,9,1,MLE_TOP10xIRC_TOP10_20d
9939,2025-10-16,MU,10,6,MLE_TOP10xIRC_TOP10_20d
270825,2025-10-16,JBHT,2,10,MLE_TOP10xIRC_TOP10_20d
32106121,2025-10-16,MPWR,8,6,MLE_TOP10xIRC_TOP10_20d
538132976,2025-10-16,CEG,7,2,MLE_TOP10xIRC_TOP10_20d
663174498,2025-10-16,BG,3,9,MLE_TOP10xIRC_TOP10_20d
4391,2025-10-17,AMD,1,6,MLE_TOP10xIRC_TOP10_20d
269753,2025-10-17,GILD,8,9,MLE_TOP10xIRC_TOP10_20d
270825,2025-10-17,JBHT,2,8,MLE_TOP10xIRC_TOP10_20d
32106121,2025-10-17,MPWR,7,6,MLE_TOP10xIRC_TOP10_20d
324057162,2025-10-17,KDP,10,4,MLE_TOP10xIRC_TOP10_20d
402783527,2025-10-17,VRT,9,1,MLE_TOP10xIRC_TOP10_20d
4391,2025-10-20,AMD,2,10,MLE_TOP10xIRC_TOP10_20d
11017,2025-10-20,PEP,8,5,MLE_TOP10xIRC_TOP10_20d
8677881,2025-10-20,ON,10,10,MLE_TOP10xIRC_TOP10_20d
324057162,2025-10-20,KDP,9,5,MLE_TOP10xIRC_TOP10_20d
663174498,2025-10-20,BG,5,9,MLE_TOP10xIRC_TOP10_20d
4391,2025-10-21,AMD,7,4,MLE_TOP10xIRC_TOP10_20d
2730877,2025-10-21,CRL,9,5,MLE_TOP10xIRC_TOP10_20d
8677881,2025-10-21,ON,5,4,MLE_TOP10xIRC_TOP10_20d
44001820,2025-10-21,DAL,10,8,MLE_TOP10xIRC_TOP10_20d
80986742,2025-10-21,GM,3,10,MLE_TOP10xIRC_TOP10_20d
11017,2025-10-22,PEP,8,2,MLE_TOP10xIRC_TOP10_20d
9063285,2025-10-22,ISRG,2,6,MLE_TOP10xIRC_TOP10_20d
80986742,2025-10-22,GM,1,9,MLE_TOP10xIRC_TOP10_20d
13909,2025-10-23,WST,6,6,MLE_TOP10xIRC_TOP10_20d
9063285,2025-10-23,ISRG,1,6,MLE_TOP10xIRC_TOP10_20d
80986742,2025-10-23,GM,3,7,MLE_TOP10xIRC_TOP10_20d
9939,2025-10-24,MU,7,5,MLE_TOP10xIRC_TOP10_20d
270957,2025-10-24,KLAC,9,5,MLE_TOP10xIRC_TOP10_20d
6607708,2025-10-24,FIX,10,1,MLE_TOP10xIRC_TOP10_20d
9063285,2025-10-24,ISRG,1,8,MLE_TOP10xIRC_TOP10_20d
4391,2025-10-27,AMD,7,3,MLE_TOP10xIRC_TOP10_20d
270957,2025-10-27,KLAC,10,3,MLE_TOP10xIRC_TOP10_20d
9063285,2025-10-27,ISRG,2,7,MLE_TOP10xIRC_TOP10_20d
201113895,2025-10-27,LITE,5,10,MLE_TOP10xIRC_TOP10_20d
4391,2025-10-28,AMD,9,3,MLE_TOP10xIRC_TOP10_20d
7890,2025-10-28,HAL,7,8,MLE_TOP10xIRC_TOP10_20d
9939,2025-10-28,MU,8,3,MLE_TOP10xIRC_TOP10_20d
6607708,2025-10-28,FIX,10,1,MLE_TOP10xIRC_TOP10_20d
9063285,2025-10-28,ISRG,2,6,MLE_TOP10xIRC_TOP10_20d
80986742,2025-10-28,GM,4,9,MLE_TOP10xIRC_TOP10_20d
201113895,2025-10-28,LITE,1,10,MLE_TOP10xIRC_TOP10_20d
7890,2025-10-29,HAL,5,4,MLE_TOP10xIRC_TOP10_20d
12729,2025-10-29,TER,4,3,MLE_TOP10xIRC_TOP10_20d
6607708,2025-10-29,FIX,8,2,MLE_TOP10xIRC_TOP10_20d
80986742,2025-10-29,GM,10,5,MLE_TOP10xIRC_TOP10_20d
201113895,2025-10-29,LITE,1,6,MLE_TOP10xIRC_TOP10_20d
491932113,2025-10-29,STX,7,6,MLE_TOP10xIRC_TOP10_20d
584127832,2025-10-29,COHR,2,9,MLE_TOP10xIRC_TOP10_20d
7890,2025-10-30,HAL,3,3,MLE_TOP10xIRC_TOP10_20d
12729,2025-10-30,TER,1,2,MLE_TOP10xIRC_TOP10_20d
80986742,2025-10-30,GM,8,10,MLE_TOP10xIRC_TOP10_20d
201113895,2025-10-30,LITE,5,4,MLE_TOP10xIRC_TOP10_20d
491932113,2025-10-30,STX,9,4,MLE_TOP10xIRC_TOP10_20d
7890,2025-10-31,HAL,7,4,MLE_TOP10xIRC_TOP10_20d
12729,2025-10-31,TER,1,2,MLE_TOP10xIRC_TOP10_20d
13681,2025-10-31,WDC,9,5,MLE_TOP10xIRC_TOP10_20d
80986742,2025-10-31,GM,10,6,MLE_TOP10xIRC_TOP10_20d
201113895,2025-10-31,LITE,3,5,MLE_TOP10xIRC_TOP10_20d
7890,2025-11-03,HAL,8,2,MLE_TOP10xIRC_TOP10_20d
12729,2025-11-03,TER,1,3,MLE_TOP10xIRC_TOP10_20d
13681,2025-11-03,WDC,2,4,MLE_TOP10xIRC_TOP10_20d
9063285,2025-11-03,ISRG,10,9,MLE_TOP10xIRC_TOP10_20d
201113895,2025-11-03,LITE,4,4,MLE_TOP10xIRC_TOP10_20d
491932113,2025-11-03,STX,5,4,MLE_TOP10xIRC_TOP10_20d
12729,2025-11-04,TER,3,4,MLE_TOP10xIRC_TOP10_20d
13681,2025-11-04,WDC,1,8,MLE_TOP10xIRC_TOP10_20d
4369855,2025-11-04,INCY,6,10,MLE_TOP10xIRC_TOP10_20d
9063285,2025-11-04,ISRG,8,7,MLE_TOP10xIRC_TOP10_20d
36320731,2025-11-04,CHRW,5,5,MLE_TOP10xIRC_TOP10_20d
201113895,2025-11-04,LITE,10,8,MLE_TOP10xIRC_TOP10_20d
491932113,2025-11-04,STX,7,8,MLE_TOP10xIRC_TOP10_20d
5407,2025-11-05,CAH,8,10,MLE_TOP10xIRC_TOP10_20d
12729,2025-11-05,TER,2,6,MLE_TOP10xIRC_TOP10_20d
4369855,2025-11-05,INCY,10,8,MLE_TOP10xIRC_TOP10_20d
32602412,2025-11-05,LVS,7,7,MLE_TOP10xIRC_TOP10_20d
36320731,2025-11-05,CHRW,9,3,MLE_TOP10xIRC_TOP10_20d
5407,2025-11-06,CAH,5,9,MLE_TOP10xIRC_TOP10_20d
4369855,2025-11-06,INCY,10,5,MLE_TOP10xIRC_TOP10_20d
36320731,2025-11-06,CHRW,9,2,MLE_TOP10xIRC_TOP10_20d
584127832,2025-11-06,COHR,2,6,MLE_TOP10xIRC_TOP10_20d
12729,2025-11-07,TER,2,6,MLE_TOP10xIRC_TOP10_20d
36320731,2025-11-07,CHRW,8,1,MLE_TOP10xIRC_TOP10_20d
584127832,2025-11-07,COHR,6,4,MLE_TOP10xIRC_TOP10_20d
13681,2025-11-10,WDC,1,7,MLE_TOP10xIRC_TOP10_20d
36320731,2025-11-10,CHRW,10,3,MLE_TOP10xIRC_TOP10_20d
201113895,2025-11-10,LITE,2,7,MLE_TOP10xIRC_TOP10_20d
491932113,2025-11-10,STX,3,7,MLE_TOP10xIRC_TOP10_20d
584127832,2025-11-10,COHR,7,5,MLE_TOP10xIRC_TOP10_20d
5407,2025-11-11,CAH,4,5,MLE_TOP10xIRC_TOP10_20d
9160,2025-11-11,LLY,7,5,MLE_TOP10xIRC_TOP10_20d
12729,2025-11-11,TER,6,10,MLE_TOP10xIRC_TOP10_20d
13681,2025-11-11,WDC,1,8,MLE_TOP10xIRC_TOP10_20d
4369855,2025-11-11,INCY,9,6,MLE_TOP10xIRC_TOP10_20d
201113895,2025-11-11,LITE,3,8,MLE_TOP10xIRC_TOP10_20d
491932113,2025-11-11,STX,2,8,MLE_TOP10xIRC_TOP10_20d
5407,2025-11-12,CAH,3,5,MLE_TOP10xIRC_TOP10_20d
9160,2025-11-12,LLY,1,5,MLE_TOP10xIRC_TOP10_20d
269082,2025-11-12,EXPD,7,1,MLE_TOP10xIRC_TOP10_20d
4369855,2025-11-12,INCY,6,4,MLE_TOP10xIRC_TOP10_20d
36320731,2025-11-12,CHRW,10,1,MLE_TOP10xIRC_TOP10_20d
9160,2025-11-13,LLY,2,4,MLE_TOP10xIRC_TOP10_20d
266145,2025-11-13,AMGN,10,1,MLE_TOP10xIRC_TOP10_20d
3655640,2025-11-13,HSIC,8,4,MLE_TOP10xIRC_TOP10_20d
9160,2025-11-14,LLY,2,5,MLE_TOP10xIRC_TOP10_20d
3655640,2025-11-14,HSIC,10,5,MLE_TOP10xIRC_TOP10_20d
201113895,2025-11-14,LITE,7,8,MLE_TOP10xIRC_TOP10_20d
9160,2025-11-17,LLY,6,5,MLE_TOP10xIRC_TOP10_20d
266145,2025-11-17,AMGN,5,1,MLE_TOP10xIRC_TOP10_20d
70101545,2025-11-17,MRK,8,5,MLE_TOP10xIRC_TOP10_20d
201113895,2025-11-17,LITE,2,10,MLE_TOP10xIRC_TOP10_20d
691984360,2025-11-17,SOLV,9,9,MLE_TOP10xIRC_TOP10_20d
9160,2025-11-18,LLY,7,4,MLE_TOP10xIRC_TOP10_20d
266145,2025-11-18,AMGN,4,1,MLE_TOP10xIRC_TOP10_20d
273733,2025-11-18,REGN,5,1,MLE_TOP10xIRC_TOP10_20d
26734397,2025-11-18,BIIB,9,1,MLE_TOP10xIRC_TOP10_20d
70101545,2025-11-18,MRK,6,4,MLE_TOP10xIRC_TOP10_20d
474515500,2025-11-18,APA,10,3,MLE_TOP10xIRC_TOP10_20d
9160,2025-11-19,LLY,6,3,MLE_TOP10xIRC_TOP10_20d
70101545,2025-11-19,MRK,7,3,MLE_TOP10xIRC_TOP10_20d
101898880,2025-11-19,EPAM,8,10,MLE_TOP10xIRC_TOP10_20d
201113895,2025-11-19,LITE,3,10,MLE_TOP10xIRC_TOP10_20d
474515500,2025-11-19,APA,10,5,MLE_TOP10xIRC_TOP10_20d
8719,2025-11-20,JNJ,10,2,MLE_TOP10xIRC_TOP10_20d
9160,2025-11-20,LLY,5,2,MLE_TOP10xIRC_TOP10_20d
273733,2025-11-20,REGN,4,1,MLE_TOP10xIRC_TOP10_20d
70101545,2025-11-20,MRK,6,2,MLE_TOP10xIRC_TOP10_20d
196986496,2025-11-20,MNST,9,8,MLE_TOP10xIRC_TOP10_20d
8719,2025-11-21,JNJ,9,2,MLE_TOP10xIRC_TOP10_20d
9160,2025-11-21,LLY,4,2,MLE_TOP10xIRC_TOP10_20d
273733,2025-11-21,REGN,3,1,MLE_TOP10xIRC_TOP10_20d
26734397,2025-11-21,BIIB,6,1,MLE_TOP10xIRC_TOP10_20d
33837089,2025-11-21,DXCM,8,2,MLE_TOP10xIRC_TOP10_20d
70101545,2025-11-21,MRK,5,2,MLE_TOP10xIRC_TOP10_20d
181387075,2025-11-21,MDT,7,7,MLE_TOP10xIRC_TOP10_20d
691984360,2025-11-21,SOLV,2,7,MLE_TOP10xIRC_TOP10_20d
9160,2025-11-24,LLY,10,2,MLE_TOP10xIRC_TOP10_20d
273733,2025-11-24,REGN,1,1,MLE_TOP10xIRC_TOP10_20d
26734397,2025-11-24,BIIB,6,1,MLE_TOP10xIRC_TOP10_20d
33837089,2025-11-24,DXCM,5,2,MLE_TOP10xIRC_TOP10_20d
70101545,2025-11-24,MRK,3,2,MLE_TOP10xIRC_TOP10_20d
181387075,2025-11-24,MDT,9,3,MLE_TOP10xIRC_TOP10_20d
691984360,2025-11-24,SOLV,2,3,MLE_TOP10xIRC_TOP10_20d
6737,2025-11-25,RVTY,10,6,MLE_TOP10xIRC_TOP10_20d
9160,2025-11-25,LLY,7,2,MLE_TOP10xIRC_TOP10_20d
273733,2025-11-25,REGN,2,1,MLE_TOP10xIRC_TOP10_20d
26734397,2025-11-25,BIIB,6,1,MLE_TOP10xIRC_TOP10_20d
70101545,2025-11-25,MRK,3,2,MLE_TOP10xIRC_TOP10_20d
691984360,2025-11-25,SOLV,4,6,MLE_TOP10xIRC_TOP10_20d
273733,2025-11-26,REGN,3,1,MLE_TOP10xIRC_TOP10_20d
26734397,2025-11-26,BIIB,6,1,MLE_TOP10xIRC_TOP10_20d
70101545,2025-11-26,MRK,5,3,MLE_TOP10xIRC_TOP10_20d
691984360,2025-11-26,SOLV,2,6,MLE_TOP10xIRC_TOP10_20d
691984360,2025-11-28,SOLV,8,8,MLE_TOP10xIRC_TOP10_20d
274144952,2025-12-01,CVNA,2,7,MLE_TOP10xIRC_TOP10_20d
270825,2025-12-02,JBHT,10,10,MLE_TOP10xIRC_TOP10_20d
44001820,2025-12-02,DAL,7,1,MLE_TOP10xIRC_TOP10_20d
79498203,2025-12-02,UAL,8,1,MLE_TOP10xIRC_TOP10_20d
274144952,2025-12-02,CVNA,6,7,MLE_TOP10xIRC_TOP10_20d
4157,2025-12-03,ADI,9,9,MLE_TOP10xIRC_TOP10_20d
270639,2025-12-03,INTC,1,9,MLE_TOP10xIRC_TOP10_20d
271568,2025-12-03,MCHP,4,9,MLE_TOP10xIRC_TOP10_20d
8677881,2025-12-03,ON,3,9,MLE_TOP10xIRC_TOP10_20d
77791077,2025-12-03,NXPI,10,9,MLE_TOP10xIRC_TOP10_20d
271568,2025-12-04,MCHP,2,10,MLE_TOP10xIRC_TOP10_20d
272667,2025-12-04,ODFL,8,6,MLE_TOP10xIRC_TOP10_20d
4157,2025-12-05,ADI,8,4,MLE_TOP10xIRC_TOP10_20d
12729,2025-12-05,TER,6,4,MLE_TOP10xIRC_TOP10_20d
271568,2025-12-05,MCHP,2,4,MLE_TOP10xIRC_TOP10_20d
12729,2025-12-08,TER,7,6,MLE_TOP10xIRC_TOP10_20d
271568,2025-12-08,MCHP,5,6,MLE_TOP10xIRC_TOP10_20d
12729,2025-12-09,TER,10,4,MLE_TOP10xIRC_TOP10_20d
268376,2025-12-09,DECK,9,2,MLE_TOP10xIRC_TOP10_20d
271568,2025-12-09,MCHP,3,4,MLE_TOP10xIRC_TOP10_20d
70212228,2025-12-09,DG,7,10,MLE_TOP10xIRC_TOP10_20d
274144952,2025-12-09,CVNA,1,10,MLE_TOP10xIRC_TOP10_20d
12729,2025-12-10,TER,9,5,MLE_TOP10xIRC_TOP10_20d
271568,2025-12-10,MCHP,4,5,MLE_TOP10xIRC_TOP10_20d
77791077,2025-12-10,NXPI,10,5,MLE_TOP10xIRC_TOP10_20d
584127832,2025-12-10,COHR,3,10,MLE_TOP10xIRC_TOP10_20d
691984365,2025-12-10,GEV,7,6,MLE_TOP10xIRC_TOP10_20d
271568,2025-12-11,MCHP,3,9,MLE_TOP10xIRC_TOP10_20d
70212228,2025-12-11,DG,7,10,MLE_TOP10xIRC_TOP10_20d
77791077,2025-12-11,NXPI,10,9,MLE_TOP10xIRC_TOP10_20d
274144952,2025-12-11,CVNA,2,10,MLE_TOP10xIRC_TOP10_20d
9282,2025-12-12,LUV,6,1,MLE_TOP10xIRC_TOP10_20d
268376,2025-12-12,DECK,10,2,MLE_TOP10xIRC_TOP10_20d
271568,2025-12-12,MCHP,2,9,MLE_TOP10xIRC_TOP10_20d
272667,2025-12-12,ODFL,7,7,MLE_TOP10xIRC_TOP10_20d
77791077,2025-12-12,NXPI,9,9,MLE_TOP10xIRC_TOP10_20d
9282,2025-12-15,LUV,6,1,MLE_TOP10xIRC_TOP10_20d
271568,2025-12-15,MCHP,2,6,MLE_TOP10xIRC_TOP10_20d
49388062,2025-12-15,DLTR,8,7,MLE_TOP10xIRC_TOP10_20d
70212228,2025-12-15,DG,5,7,MLE_TOP10xIRC_TOP10_20d
120643512,2025-12-15,NCLH,10,4,MLE_TOP10xIRC_TOP10_20d
274144952,2025-12-15,CVNA,7,7,MLE_TOP10xIRC_TOP10_20d
691984365,2025-12-15,GEV,9,9,MLE_TOP10xIRC_TOP10_20d
9282,2025-12-16,LUV,6,1,MLE_TOP10xIRC_TOP10_20d
271568,2025-12-16,MCHP,9,7,MLE_TOP10xIRC_TOP10_20d
76792991,2025-12-16,TSLA,10,2,MLE_TOP10xIRC_TOP10_20d
120643512,2025-12-16,NCLH,8,4,MLE_TOP10xIRC_TOP10_20d
9282,2025-12-17,LUV,5,1,MLE_TOP10xIRC_TOP10_20d
120643512,2025-12-17,NCLH,7,4,MLE_TOP10xIRC_TOP10_20d
554208351,2025-12-17,WBD,6,7,MLE_TOP10xIRC_TOP10_20d
9282,2025-12-18,LUV,8,1,MLE_TOP10xIRC_TOP10_20d
45157951,2025-12-18,LULU,4,7,MLE_TOP10xIRC_TOP10_20d
120643512,2025-12-18,NCLH,7,4,MLE_TOP10xIRC_TOP10_20d
274144952,2025-12-18,CVNA,5,7,MLE_TOP10xIRC_TOP10_20d
9939,2025-12-19,MU,10,4,MLE_TOP10xIRC_TOP10_20d
11520,2025-12-19,RCL,7,2,MLE_TOP10xIRC_TOP10_20d
120643512,2025-12-19,NCLH,3,2,MLE_TOP10xIRC_TOP10_20d
878372298,2025-12-19,CCL,4,2,MLE_TOP10xIRC_TOP10_20d
11520,2025-12-22,RCL,5,2,MLE_TOP10xIRC_TOP10_20d
120643512,2025-12-22,NCLH,1,2,MLE_TOP10xIRC_TOP10_20d
878372298,2025-12-22,CCL,3,2,MLE_TOP10xIRC_TOP10_20d
11520,2025-12-23,RCL,3,1,MLE_TOP10xIRC_TOP10_20d
120643512,2025-12-23,NCLH,2,1,MLE_TOP10xIRC_TOP10_20d
878372298,2025-12-23,CCL,1,1,MLE_TOP10xIRC_TOP10_20d
11520,2025-12-24,RCL,3,1,MLE_TOP10xIRC_TOP10_20d
120643512,2025-12-24,NCLH,1,1,MLE_TOP10xIRC_TOP10_20d
498843743,2025-12-24,GE,7,7,MLE_TOP10xIRC_TOP10_20d
878372298,2025-12-24,CCL,2,1,MLE_TOP10xIRC_TOP10_20d
9939,2025-12-26,MU,6,6,MLE_TOP10xIRC_TOP10_20d
120643512,2025-12-26,NCLH,3,1,MLE_TOP10xIRC_TOP10_20d
498843743,2025-12-26,GE,7,9,MLE_TOP10xIRC_TOP10_20d
878372298,2025-12-26,CCL,4,1,MLE_TOP10xIRC_TOP10_20d
9939,2025-12-29,MU,1,10,MLE_TOP10xIRC_TOP10_20d
267748,2025-12-29,CMCSA,4,3,MLE_TOP10xIRC_TOP10_20d
4815747,2025-12-29,NVDA,10,10,MLE_TOP10xIRC_TOP10_20d
732440574,2025-12-29,LRCX,5,10,MLE_TOP10xIRC_TOP10_20d
878372298,2025-12-29,CCL,3,1,MLE_TOP10xIRC_TOP10_20d
878372298,2025-12-30,CCL,5,1,MLE_TOP10xIRC_TOP10_20d
878372298,2025-12-31,CCL,5,1,MLE_TOP10xIRC_TOP10_20d
6607708,2026-01-02,FIX,7,8,MLE_TOP10xIRC_TOP10_20d
7890,2026-01-05,HAL,3,2,MLE_TOP10xIRC_TOP10_20d
12200,2026-01-05,SLB,5,2,MLE_TOP10xIRC_TOP10_20d
43645865,2026-01-05,IBKR,7,10,MLE_TOP10xIRC_TOP10_20d
12200,2026-01-06,SLB,8,6,MLE_TOP10xIRC_TOP10_20d
43645865,2026-01-06,IBKR,10,8,MLE_TOP10xIRC_TOP10_20d
4347,2026-01-07,ALB,10,10,MLE_TOP10xIRC_TOP10_20d
7890,2026-01-08,HAL,6,3,MLE_TOP10xIRC_TOP10_20d
12200,2026-01-08,SLB,3,3,MLE_TOP10xIRC_TOP10_20d
13878278,2026-01-08,CNC,1,10,MLE_TOP10xIRC_TOP10_20d
356576040,2026-01-08,DOW,9,4,MLE_TOP10xIRC_TOP10_20d
7890,2026-01-09,HAL,7,3,MLE_TOP10xIRC_TOP10_20d
9939,2026-01-09,MU,3,8,MLE_TOP10xIRC_TOP10_20d
12200,2026-01-09,SLB,5,3,MLE_TOP10xIRC_TOP10_20d
266093,2026-01-09,AMAT,9,8,MLE_TOP10xIRC_TOP10_20d
270639,2026-01-09,INTC,1,8,MLE_TOP10xIRC_TOP10_20d
271568,2026-01-09,MCHP,10,8,MLE_TOP10xIRC_TOP10_20d
732440574,2026-01-09,LRCX,2,8,MLE_TOP10xIRC_TOP10_20d
9939,2026-01-12,MU,3,10,MLE_TOP10xIRC_TOP10_20d
12200,2026-01-12,SLB,4,3,MLE_TOP10xIRC_TOP10_20d
266093,2026-01-12,AMAT,7,10,MLE_TOP10xIRC_TOP10_20d
270639,2026-01-12,INTC,2,10,MLE_TOP10xIRC_TOP10_20d
371886040,2026-01-12,LHX,10,2,MLE_TOP10xIRC_TOP10_20d
732440574,2026-01-12,LRCX,1,10,MLE_TOP10xIRC_TOP10_20d
4347,2026-01-13,ALB,3,4,MLE_TOP10xIRC_TOP10_20d
12200,2026-01-13,SLB,5,1,MLE_TOP10xIRC_TOP10_20d
12729,2026-01-13,TER,10,10,MLE_TOP10xIRC_TOP10_20d
270639,2026-01-13,INTC,1,10,MLE_TOP10xIRC_TOP10_20d
732440574,2026-01-13,LRCX,4,10,MLE_TOP10xIRC_TOP10_20d
4347,2026-01-14,ALB,3,3,MLE_TOP10xIRC_TOP10_20d
12200,2026-01-14,SLB,6,1,MLE_TOP10xIRC_TOP10_20d
270639,2026-01-14,INTC,2,4,MLE_TOP10xIRC_TOP10_20d
356576040,2026-01-14,DOW,8,3,MLE_TOP10xIRC_TOP10_20d
732440574,2026-01-14,LRCX,9,4,MLE_TOP10xIRC_TOP10_20d
4347,2026-01-15,ALB,9,4,MLE_TOP10xIRC_TOP10_20d
266093,2026-01-15,AMAT,7,6,MLE_TOP10xIRC_TOP10_20d
270639,2026-01-15,INTC,2,6,MLE_TOP10xIRC_TOP10_20d
270957,2026-01-15,KLAC,4,6,MLE_TOP10xIRC_TOP10_20d
663174498,2026-01-15,BG,10,3,MLE_TOP10xIRC_TOP10_20d
732440574,2026-01-15,LRCX,5,6,MLE_TOP10xIRC_TOP10_20d
266093,2026-01-16,AMAT,4,5,MLE_TOP10xIRC_TOP10_20d
270639,2026-01-16,INTC,7,5,MLE_TOP10xIRC_TOP10_20d
270957,2026-01-16,KLAC,2,5,MLE_TOP10xIRC_TOP10_20d
611191,2026-01-16,LMT,10,1,MLE_TOP10xIRC_TOP10_20d
732440574,2026-01-16,LRCX,6,5,MLE_TOP10xIRC_TOP10_20d
4347,2026-01-20,ALB,4,7,MLE_TOP10xIRC_TOP10_20d
9939,2026-01-20,MU,6,4,MLE_TOP10xIRC_TOP10_20d
270639,2026-01-20,INTC,2,4,MLE_TOP10xIRC_TOP10_20d
663174498,2026-01-20,BG,5,6,MLE_TOP10xIRC_TOP10_20d
4391,2026-01-21,AMD,7,3,MLE_TOP10xIRC_TOP10_20d
270639,2026-01-21,INTC,2,3,MLE_TOP10xIRC_TOP10_20d
35447205,2026-01-21,CF,8,7,MLE_TOP10xIRC_TOP10_20d
72529783,2026-01-21,GNRC,4,9,MLE_TOP10xIRC_TOP10_20d
463654490,2026-01-21,TPL,5,8,MLE_TOP10xIRC_TOP10_20d
663174498,2026-01-21,BG,3,6,MLE_TOP10xIRC_TOP10_20d
4391,2026-01-22,AMD,7,2,MLE_TOP10xIRC_TOP10_20d
270639,2026-01-22,INTC,2,2,MLE_TOP10xIRC_TOP10_20d
611191,2026-01-22,LMT,8,6,MLE_TOP10xIRC_TOP10_20d
72529783,2026-01-22,GNRC,3,10,MLE_TOP10xIRC_TOP10_20d
663174498,2026-01-22,BG,6,4,MLE_TOP10xIRC_TOP10_20d
4347,2026-01-23,ALB,6,5,MLE_TOP10xIRC_TOP10_20d
4391,2026-01-23,AMD,2,2,MLE_TOP10xIRC_TOP10_20d
9939,2026-01-23,MU,4,2,MLE_TOP10xIRC_TOP10_20d
6607708,2026-01-23,FIX,10,4,MLE_TOP10xIRC_TOP10_20d
663174498,2026-01-23,BG,7,3,MLE_TOP10xIRC_TOP10_20d
4347,2026-01-26,ALB,5,5,MLE_TOP10xIRC_TOP10_20d
4391,2026-01-26,AMD,2,4,MLE_TOP10xIRC_TOP10_20d
9939,2026-01-26,MU,10,4,MLE_TOP10xIRC_TOP10_20d
663174498,2026-01-26,BG,8,3,MLE_TOP10xIRC_TOP10_20d
4391,2026-01-27,AMD,3,2,MLE_TOP10xIRC_TOP10_20d
9939,2026-01-27,MU,6,2,MLE_TOP10xIRC_TOP10_20d
281316445,2026-01-27,BKR,7,1,MLE_TOP10xIRC_TOP10_20d
663174498,2026-01-27,BG,10,3,MLE_TOP10xIRC_TOP10_20d
9939,2026-01-28,MU,3,2,MLE_TOP10xIRC_TOP10_20d
32106121,2026-01-28,MPWR,4,2,MLE_TOP10xIRC_TOP10_20d
281316445,2026-01-28,BKR,7,1,MLE_TOP10xIRC_TOP10_20d
9939,2026-01-29,MU,2,2,MLE_TOP10xIRC_TOP10_20d
270957,2026-01-29,KLAC,9,2,MLE_TOP10xIRC_TOP10_20d
32106121,2026-01-29,MPWR,5,2,MLE_TOP10xIRC_TOP10_20d
732440574,2026-01-29,LRCX,7,2,MLE_TOP10xIRC_TOP10_20d
9939,2026-01-30,MU,2,3,MLE_TOP10xIRC_TOP10_20d
13096,2026-01-30,TXN,9,3,MLE_TOP10xIRC_TOP10_20d
57698865,2026-01-30,EQT,6,7,MLE_TOP10xIRC_TOP10_20d
9939,2026-02-02,MU,5,2,MLE_TOP10xIRC_TOP10_20d
13096,2026-02-02,TXN,6,2,MLE_TOP10xIRC_TOP10_20d
12729,2026-02-03,TER,4,7,MLE_TOP10xIRC_TOP10_20d
13096,2026-02-03,TXN,9,7,MLE_TOP10xIRC_TOP10_20d
5052,2026-02-05,BALL,8,10,MLE_TOP10xIRC_TOP10_20d
8199,2026-02-05,HSY,7,4,MLE_TOP10xIRC_TOP10_20d
5100583,2026-02-05,FDX,9,9,MLE_TOP10xIRC_TOP10_20d
7655,2026-02-06,GLW,3,7,MLE_TOP10xIRC_TOP10_20d
8199,2026-02-06,HSY,10,9,MLE_TOP10xIRC_TOP10_20d
7655,2026-02-09,GLW,2,4,MLE_TOP10xIRC_TOP10_20d
41045553,2026-02-09,CIEN,6,4,MLE_TOP10xIRC_TOP10_20d
4901,2026-02-10,VZ,9,3,MLE_TOP10xIRC_TOP10_20d
41045553,2026-02-10,CIEN,8,3,MLE_TOP10xIRC_TOP10_20d
4901,2026-02-11,VZ,9,7,MLE_TOP10xIRC_TOP10_20d
7655,2026-02-11,GLW,6,7,MLE_TOP10xIRC_TOP10_20d
72529783,2026-02-11,GNRC,10,3,MLE_TOP10xIRC_TOP10_20d
402783527,2026-02-11,VRT,5,1,MLE_TOP10xIRC_TOP10_20d
4901,2026-02-12,VZ,7,4,MLE_TOP10xIRC_TOP10_20d
7655,2026-02-12,GLW,3,4,MLE_TOP10xIRC_TOP10_20d
72529783,2026-02-12,GNRC,4,3,MLE_TOP10xIRC_TOP10_20d
402783527,2026-02-12,VRT,10,1,MLE_TOP10xIRC_TOP10_20d
713434903,2026-02-12,SW,9,6,MLE_TOP10xIRC_TOP10_20d
7655,2026-02-13,GLW,5,4,MLE_TOP10xIRC_TOP10_20d
72529783,2026-02-13,GNRC,3,5,MLE_TOP10xIRC_TOP10_20d
402783527,2026-02-13,VRT,6,1,MLE_TOP10xIRC_TOP10_20d
463654490,2026-02-13,TPL,7,7,MLE_TOP10xIRC_TOP10_20d
713434903,2026-02-13,SW,8,6,MLE_TOP10xIRC_TOP10_20d
72529783,2026-02-17,GNRC,2,6,MLE_TOP10xIRC_TOP10_20d
402783527,2026-02-17,VRT,4,1,MLE_TOP10xIRC_TOP10_20d
463654490,2026-02-17,TPL,5,8,MLE_TOP10xIRC_TOP10_20d
713434903,2026-02-17,SW,9,2,MLE_TOP10xIRC_TOP10_20d
72529783,2026-02-18,GNRC,2,9,MLE_TOP10xIRC_TOP10_20d
292491487,2026-02-18,TPR,6,10,MLE_TOP10xIRC_TOP10_20d
402783527,2026-02-18,VRT,4,2,MLE_TOP10xIRC_TOP10_20d
463654490,2026-02-18,TPL,3,6,MLE_TOP10xIRC_TOP10_20d
713434903,2026-02-18,SW,5,1,MLE_TOP10xIRC_TOP10_20d
6607708,2026-02-19,FIX,7,5,MLE_TOP10xIRC_TOP10_20d
41045553,2026-02-19,CIEN,5,3,MLE_TOP10xIRC_TOP10_20d
72529783,2026-02-19,GNRC,4,8,MLE_TOP10xIRC_TOP10_20d
402783527,2026-02-19,VRT,3,1,MLE_TOP10xIRC_TOP10_20d
463654490,2026-02-19,TPL,1,6,MLE_TOP10xIRC_TOP10_20d
7655,2026-02-20,GLW,10,3,MLE_TOP10xIRC_TOP10_20d
6607708,2026-02-20,FIX,6,4,MLE_TOP10xIRC_TOP10_20d
41045553,2026-02-20,CIEN,4,3,MLE_TOP10xIRC_TOP10_20d
72529783,2026-02-20,GNRC,3,8,MLE_TOP10xIRC_TOP10_20d
402783527,2026-02-20,VRT,2,1,MLE_TOP10xIRC_TOP10_20d
463654490,2026-02-20,TPL,1,5,MLE_TOP10xIRC_TOP10_20d
7655,2026-02-23,GLW,8,2,MLE_TOP10xIRC_TOP10_20d
11899,2026-02-23,EIX,9,10,MLE_TOP10xIRC_TOP10_20d
41045553,2026-02-23,CIEN,2,2,MLE_TOP10xIRC_TOP10_20d
72529783,2026-02-23,GNRC,4,9,MLE_TOP10xIRC_TOP10_20d
402783527,2026-02-23,VRT,3,1,MLE_TOP10xIRC_TOP10_20d
463654490,2026-02-23,TPL,1,5,MLE_TOP10xIRC_TOP10_20d
41045553,2026-02-24,CIEN,8,2,MLE_TOP10xIRC_TOP10_20d
72529783,2026-02-24,GNRC,3,5,MLE_TOP10xIRC_TOP10_20d
402783527,2026-02-24,VRT,4,1,MLE_TOP10xIRC_TOP10_20d
463654490,2026-02-24,TPL,1,6,MLE_TOP10xIRC_TOP10_20d
7655,2026-02-25,GLW,6,2,MLE_TOP10xIRC_TOP10_20d
72529783,2026-02-25,GNRC,2,8,MLE_TOP10xIRC_TOP10_20d
76791198,2026-02-25,GRMN,8,10,MLE_TOP10xIRC_TOP10_20d
170167160,2026-02-25,KEYS,4,10,MLE_TOP10xIRC_TOP10_20d
402783527,2026-02-25,VRT,1,1,MLE_TOP10xIRC_TOP10_20d
463654490,2026-02-25,TPL,5,9,MLE_TOP10xIRC_TOP10_20d
272104927,2026-02-26,AXON,3,9,MLE_TOP10xIRC_TOP10_20d
463654490,2026-02-27,TPL,5,8,MLE_TOP10xIRC_TOP10_20d
272104927,2026-03-02,AXON,4,5,MLE_TOP10xIRC_TOP10_20d
463654490,2026-03-02,TPL,10,3,MLE_TOP10xIRC_TOP10_20d
272104927,2026-03-03,AXON,1,7,MLE_TOP10xIRC_TOP10_20d
463654490,2026-03-03,TPL,8,1,MLE_TOP10xIRC_TOP10_20d
212671971,2026-03-04,XYZ,9,1,MLE_TOP10xIRC_TOP10_20d
463654490,2026-03-04,TPL,10,3,MLE_TOP10xIRC_TOP10_20d
270662,2026-03-05,INTU,8,9,MLE_TOP10xIRC_TOP10_20d
212671971,2026-03-05,XYZ,3,6,MLE_TOP10xIRC_TOP10_20d
270662,2026-03-06,INTU,2,7,MLE_TOP10xIRC_TOP10_20d
109911821,2026-03-06,NOW,8,7,MLE_TOP10xIRC_TOP10_20d
212671971,2026-03-06,XYZ,4,8,MLE_TOP10xIRC_TOP10_20d
270662,2026-03-09,INTU,3,7,MLE_TOP10xIRC_TOP10_20d
212671971,2026-03-09,XYZ,5,10,MLE_TOP10xIRC_TOP10_20d
383858515,2026-03-09,DDOG,7,7,MLE_TOP10xIRC_TOP10_20d
270662,2026-03-10,INTU,2,10,MLE_TOP10xIRC_TOP10_20d
212671971,2026-03-10,XYZ,1,9,MLE_TOP10xIRC_TOP10_20d
383858515,2026-03-10,DDOG,9,10,MLE_TOP10xIRC_TOP10_20d
444857009,2026-03-10,PLTR,10,10,MLE_TOP10xIRC_TOP10_20d
13497,2026-03-11,VLO,8,1,MLE_TOP10xIRC_TOP10_20d
270662,2026-03-11,INTU,10,10,MLE_TOP10xIRC_TOP10_20d
89495776,2026-03-11,MPC,7,1,MLE_TOP10xIRC_TOP10_20d
383858515,2026-03-11,DDOG,9,10,MLE_TOP10xIRC_TOP10_20d
474515500,2026-03-11,APA,6,1,MLE_TOP10xIRC_TOP10_20d
13497,2026-03-12,VLO,6,1,MLE_TOP10xIRC_TOP10_20d
35447205,2026-03-12,CF,1,8,MLE_TOP10xIRC_TOP10_20d
74866700,2026-03-12,LYB,2,8,MLE_TOP10xIRC_TOP10_20d
88292752,2026-03-12,MOS,8,8,MLE_TOP10xIRC_TOP10_20d
89495776,2026-03-12,MPC,9,1,MLE_TOP10xIRC_TOP10_20d
105669270,2026-03-12,PSX,10,1,MLE_TOP10xIRC_TOP10_20d
356576040,2026-03-12,DOW,3,8,MLE_TOP10xIRC_TOP10_20d
474515500,2026-03-12,APA,7,1,MLE_TOP10xIRC_TOP10_20d
13497,2026-03-13,VLO,8,1,MLE_TOP10xIRC_TOP10_20d
89495776,2026-03-13,MPC,6,1,MLE_TOP10xIRC_TOP10_20d
105669270,2026-03-13,PSX,10,1,MLE_TOP10xIRC_TOP10_20d
110619459,2026-03-13,PANW,9,5,MLE_TOP10xIRC_TOP10_20d
474515500,2026-03-13,APA,7,1,MLE_TOP10xIRC_TOP10_20d
89495776,2026-03-16,MPC,9,1,MLE_TOP10xIRC_TOP10_20d
110619459,2026-03-16,PANW,5,2,MLE_TOP10xIRC_TOP10_20d
383858515,2026-03-16,DDOG,4,5,MLE_TOP10xIRC_TOP10_20d
474515500,2026-03-16,APA,10,1,MLE_TOP10xIRC_TOP10_20d
13681,2026-03-17,WDC,1,10,MLE_TOP10xIRC_TOP10_20d
98542021,2026-03-17,EXPE,10,2,MLE_TOP10xIRC_TOP10_20d
383858515,2026-03-17,DDOG,7,3,MLE_TOP10xIRC_TOP10_20d
474515500,2026-03-17,APA,9,1,MLE_TOP10xIRC_TOP10_20d
491932113,2026-03-17,STX,5,10,MLE_TOP10xIRC_TOP10_20d
10880,2026-03-18,OXY,10,1,MLE_TOP10xIRC_TOP10_20d
13681,2026-03-18,WDC,4,9,MLE_TOP10xIRC_TOP10_20d
754442,2026-03-18,DVN,9,1,MLE_TOP10xIRC_TOP10_20d
383858515,2026-03-18,DDOG,8,6,MLE_TOP10xIRC_TOP10_20d
474515500,2026-03-18,APA,3,1,MLE_TOP10xIRC_TOP10_20d
10880,2026-03-19,OXY,8,1,MLE_TOP10xIRC_TOP10_20d
13681,2026-03-19,WDC,2,5,MLE_TOP10xIRC_TOP10_20d
41045553,2026-03-19,CIEN,1,9,MLE_TOP10xIRC_TOP10_20d
201113895,2026-03-19,LITE,3,5,MLE_TOP10xIRC_TOP10_20d
474515500,2026-03-19,APA,5,1,MLE_TOP10xIRC_TOP10_20d
491932113,2026-03-19,STX,4,5,MLE_TOP10xIRC_TOP10_20d
10880,2026-03-20,OXY,8,1,MLE_TOP10xIRC_TOP10_20d
13681,2026-03-20,WDC,4,7,MLE_TOP10xIRC_TOP10_20d
6220356,2026-03-20,AKAM,10,3,MLE_TOP10xIRC_TOP10_20d
41045553,2026-03-20,CIEN,1,8,MLE_TOP10xIRC_TOP10_20d
201113895,2026-03-20,LITE,2,7,MLE_TOP10xIRC_TOP10_20d
474515500,2026-03-20,APA,3,1,MLE_TOP10xIRC_TOP10_20d
491932113,2026-03-20,STX,5,7,MLE_TOP10xIRC_TOP10_20d
10880,2026-03-23,OXY,9,1,MLE_TOP10xIRC_TOP10_20d
10885,2026-03-23,COP,10,1,MLE_TOP10xIRC_TOP10_20d
13497,2026-03-23,VLO,8,1,MLE_TOP10xIRC_TOP10_20d
13681,2026-03-23,WDC,4,4,MLE_TOP10xIRC_TOP10_20d
6220356,2026-03-23,AKAM,6,3,MLE_TOP10xIRC_TOP10_20d
41045553,2026-03-23,CIEN,1,8,MLE_TOP10xIRC_TOP10_20d
201113895,2026-03-23,LITE,3,4,MLE_TOP10xIRC_TOP10_20d
346218218,2026-03-23,DELL,5,4,MLE_TOP10xIRC_TOP10_20d
474515500,2026-03-23,APA,2,1,MLE_TOP10xIRC_TOP10_20d
10880,2026-03-24,OXY,7,1,MLE_TOP10xIRC_TOP10_20d
10885,2026-03-24,COP,10,1,MLE_TOP10xIRC_TOP10_20d
754442,2026-03-24,DVN,8,1,MLE_TOP10xIRC_TOP10_20d
41045553,2026-03-24,CIEN,2,5,MLE_TOP10xIRC_TOP10_20d
89495776,2026-03-24,MPC,9,1,MLE_TOP10xIRC_TOP10_20d
201113895,2026-03-24,LITE,4,3,MLE_TOP10xIRC_TOP10_20d
346218218,2026-03-24,DELL,3,3,MLE_TOP10xIRC_TOP10_20d
474515500,2026-03-24,APA,1,1,MLE_TOP10xIRC_TOP10_20d
10880,2026-03-25,OXY,10,1,MLE_TOP10xIRC_TOP10_20d
6220356,2026-03-25,AKAM,9,8,MLE_TOP10xIRC_TOP10_20d
41045553,2026-03-25,CIEN,1,4,MLE_TOP10xIRC_TOP10_20d
201113895,2026-03-25,LITE,5,5,MLE_TOP10xIRC_TOP10_20d
209411798,2026-03-25,HPE,4,5,MLE_TOP10xIRC_TOP10_20d
346218218,2026-03-25,DELL,3,5,MLE_TOP10xIRC_TOP10_20d
474515500,2026-03-25,APA,2,1,MLE_TOP10xIRC_TOP10_20d
12200,2026-03-26,SLB,2,4,MLE_TOP10xIRC_TOP10_20d
41045553,2026-03-26,CIEN,6,3,MLE_TOP10xIRC_TOP10_20d
115441080,2026-03-26,FANG,7,1,MLE_TOP10xIRC_TOP10_20d
201113895,2026-03-26,LITE,9,5,MLE_TOP10xIRC_TOP10_20d
209411798,2026-03-26,HPE,4,5,MLE_TOP10xIRC_TOP10_20d
281316445,2026-03-26,BKR,10,4,MLE_TOP10xIRC_TOP10_20d
346218218,2026-03-26,DELL,3,5,MLE_TOP10xIRC_TOP10_20d
474515500,2026-03-26,APA,1,1,MLE_TOP10xIRC_TOP10_20d
4347,2026-03-27,ALB,6,9,MLE_TOP10xIRC_TOP10_20d
7890,2026-03-27,HAL,2,2,MLE_TOP10xIRC_TOP10_20d
10880,2026-03-27,OXY,9,1,MLE_TOP10xIRC_TOP10_20d
12200,2026-03-27,SLB,3,2,MLE_TOP10xIRC_TOP10_20d
754442,2026-03-27,DVN,10,1,MLE_TOP10xIRC_TOP10_20d
41045553,2026-03-27,CIEN,4,5,MLE_TOP10xIRC_TOP10_20d
201113895,2026-03-27,LITE,8,6,MLE_TOP10xIRC_TOP10_20d
281316445,2026-03-27,BKR,5,2,MLE_TOP10xIRC_TOP10_20d
346218218,2026-03-27,DELL,7,6,MLE_TOP10xIRC_TOP10_20d
474515500,2026-03-27,APA,1,1,MLE_TOP10xIRC_TOP10_20d
6890,2026-03-30,EOG,8,1,MLE_TOP10xIRC_TOP10_20d
7890,2026-03-30,HAL,5,3,MLE_TOP10xIRC_TOP10_20d
10880,2026-03-30,OXY,4,1,MLE_TOP10xIRC_TOP10_20d
12200,2026-03-30,SLB,6,3,MLE_TOP10xIRC_TOP10_20d
754442,2026-03-30,DVN,9,1,MLE_TOP10xIRC_TOP10_20d
35447205,2026-03-30,CF,7,6,MLE_TOP10xIRC_TOP10_20d
74866700,2026-03-30,LYB,3,6,MLE_TOP10xIRC_TOP10_20d
281316445,2026-03-30,BKR,10,3,MLE_TOP10xIRC_TOP10_20d
356576040,2026-03-30,DOW,2,6,MLE_TOP10xIRC_TOP10_20d
474515500,2026-03-30,APA,1,1,MLE_TOP10xIRC_TOP10_20d
7890,2026-03-31,HAL,8,2,MLE_TOP10xIRC_TOP10_20d
10880,2026-03-31,OXY,4,1,MLE_TOP10xIRC_TOP10_20d
12200,2026-03-31,SLB,6,2,MLE_TOP10xIRC_TOP10_20d
74866700,2026-03-31,LYB,2,10,MLE_TOP10xIRC_TOP10_20d
201113895,2026-03-31,LITE,10,6,MLE_TOP10xIRC_TOP10_20d
209411798,2026-03-31,HPE,7,6,MLE_TOP10xIRC_TOP10_20d
356576040,2026-03-31,DOW,3,10,MLE_TOP10xIRC_TOP10_20d
474515500,2026-03-31,APA,1,1,MLE_TOP10xIRC_TOP10_20d
12200,2026-04-01,SLB,6,2,MLE_TOP10xIRC_TOP10_20d
474515500,2026-04-01,APA,2,1,MLE_TOP10xIRC_TOP10_20d
6969,2026-04-02,ETR,10,7,MLE_TOP10xIRC_TOP10_20d
270639,2026-04-06,INTC,5,6,MLE_TOP10xIRC_TOP10_20d
7655,2026-04-07,GLW,10,10,MLE_TOP10xIRC_TOP10_20d
270639,2026-04-07,INTC,1,4,MLE_TOP10xIRC_TOP10_20d
47965865,2026-04-07,SATS,9,10,MLE_TOP10xIRC_TOP10_20d
356576040,2026-04-07,DOW,6,9,MLE_TOP10xIRC_TOP10_20d
270639,2026-04-08,INTC,1,2,MLE_TOP10xIRC_TOP10_20d
32106121,2026-04-08,MPWR,4,2,MLE_TOP10xIRC_TOP10_20d
7655,2026-04-09,GLW,7,9,MLE_TOP10xIRC_TOP10_20d
270639,2026-04-09,INTC,2,3,MLE_TOP10xIRC_TOP10_20d
32106121,2026-04-09,MPWR,4,3,MLE_TOP10xIRC_TOP10_20d
270639,2026-04-10,INTC,1,1,MLE_TOP10xIRC_TOP10_20d
32106121,2026-04-10,MPWR,5,1,MLE_TOP10xIRC_TOP10_20d
584127832,2026-04-10,COHR,8,7,MLE_TOP10xIRC_TOP10_20d
732440574,2026-04-10,LRCX,10,1,MLE_TOP10xIRC_TOP10_20d
270639,2026-04-13,INTC,1,1,MLE_TOP10xIRC_TOP10_20d
32106121,2026-04-13,MPWR,4,1,MLE_TOP10xIRC_TOP10_20d
313130367,2026-04-13,AVGO,9,1,MLE_TOP10xIRC_TOP10_20d
584127832,2026-04-13,COHR,7,6,MLE_TOP10xIRC_TOP10_20d
732440574,2026-04-13,LRCX,8,1,MLE_TOP10xIRC_TOP10_20d
9939,2026-04-14,MU,4,2,MLE_TOP10xIRC_TOP10_20d
270639,2026-04-14,INTC,1,2,MLE_TOP10xIRC_TOP10_20d
32106121,2026-04-14,MPWR,7,2,MLE_TOP10xIRC_TOP10_20d
402783527,2026-04-14,VRT,10,1,MLE_TOP10xIRC_TOP10_20d
584127832,2026-04-14,COHR,5,5,MLE_TOP10xIRC_TOP10_20d
732440574,2026-04-14,LRCX,6,2,MLE_TOP10xIRC_TOP10_20d
4391,2026-04-15,AMD,7,1,MLE_TOP10xIRC_TOP10_20d
9939,2026-04-15,MU,2,1,MLE_TOP10xIRC_TOP10_20d
270639,2026-04-15,INTC,1,1,MLE_TOP10xIRC_TOP10_20d
313130367,2026-04-15,AVGO,6,1,MLE_TOP10xIRC_TOP10_20d
504546674,2026-04-15,HOOD,8,8,MLE_TOP10xIRC_TOP10_20d
584127832,2026-04-15,COHR,5,5,MLE_TOP10xIRC_TOP10_20d
4391,2026-04-16,AMD,2,1,MLE_TOP10xIRC_TOP10_20d
270639,2026-04-16,INTC,1,1,MLE_TOP10xIRC_TOP10_20d
8677881,2026-04-16,ON,6,1,MLE_TOP10xIRC_TOP10_20d
32106121,2026-04-16,MPWR,10,1,MLE_TOP10xIRC_TOP10_20d
313130367,2026-04-16,AVGO,7,1,MLE_TOP10xIRC_TOP10_20d
584127832,2026-04-16,COHR,3,4,MLE_TOP10xIRC_TOP10_20d
740948854,2026-04-16,ANET,5,5,MLE_TOP10xIRC_TOP10_20d
4391,2026-04-17,AMD,8,1,MLE_TOP10xIRC_TOP10_20d
270639,2026-04-17,INTC,1,1,MLE_TOP10xIRC_TOP10_20d
8677881,2026-04-17,ON,3,1,MLE_TOP10xIRC_TOP10_20d
32106121,2026-04-17,MPWR,5,1,MLE_TOP10xIRC_TOP10_20d
313130367,2026-04-17,AVGO,7,1,MLE_TOP10xIRC_TOP10_20d
504546674,2026-04-17,HOOD,4,6,MLE_TOP10xIRC_TOP10_20d
584127832,2026-04-17,COHR,2,4,MLE_TOP10xIRC_TOP10_20d
740948854,2026-04-17,ANET,6,10,MLE_TOP10xIRC_TOP10_20d
4391,2026-04-20,AMD,10,1,MLE_TOP10xIRC_TOP10_20d
270639,2026-04-20,INTC,6,1,MLE_TOP10xIRC_TOP10_20d
8677881,2026-04-20,ON,2,1,MLE_TOP10xIRC_TOP10_20d
32106121,2026-04-20,MPWR,9,1,MLE_TOP10xIRC_TOP10_20d
313130367,2026-04-20,AVGO,7,1,MLE_TOP10xIRC_TOP10_20d
504546674,2026-04-20,HOOD,4,9,MLE_TOP10xIRC_TOP10_20d
584127832,2026-04-20,COHR,1,3,MLE_TOP10xIRC_TOP10_20d
740948854,2026-04-20,ANET,3,7,MLE_TOP10xIRC_TOP10_20d
4391,2026-04-21,AMD,4,1,MLE_TOP10xIRC_TOP10_20d
270639,2026-04-21,INTC,8,1,MLE_TOP10xIRC_TOP10_20d
8677881,2026-04-21,ON,1,1,MLE_TOP10xIRC_TOP10_20d
32106121,2026-04-21,MPWR,5,1,MLE_TOP10xIRC_TOP10_20d
584127832,2026-04-21,COHR,2,6,MLE_TOP10xIRC_TOP10_20d
740948854,2026-04-21,ANET,3,3,MLE_TOP10xIRC_TOP10_20d
4391,2026-04-22,AMD,1,1,MLE_TOP10xIRC_TOP10_20d
8677881,2026-04-22,ON,3,1,MLE_TOP10xIRC_TOP10_20d
481863646,2026-04-22,APP,6,4,MLE_TOP10xIRC_TOP10_20d
504546674,2026-04-22,HOOD,7,4,MLE_TOP10xIRC_TOP10_20d
584127832,2026-04-22,COHR,5,8,MLE_TOP10xIRC_TOP10_20d
731466419,2026-04-22,SMCI,4,9,MLE_TOP10xIRC_TOP10_20d
740948854,2026-04-22,ANET,9,7,MLE_TOP10xIRC_TOP10_20d
4391,2026-04-23,AMD,3,1,MLE_TOP10xIRC_TOP10_20d
13096,2026-04-23,TXN,2,1,MLE_TOP10xIRC_TOP10_20d
271568,2026-04-23,MCHP,6,1,MLE_TOP10xIRC_TOP10_20d
8677881,2026-04-23,ON,1,1,MLE_TOP10xIRC_TOP10_20d
32106121,2026-04-23,MPWR,10,1,MLE_TOP10xIRC_TOP10_20d
481863646,2026-04-23,APP,8,7,MLE_TOP10xIRC_TOP10_20d
4391,2026-04-24,AMD,2,1,MLE_TOP10xIRC_TOP10_20d
13096,2026-04-24,TXN,4,1,MLE_TOP10xIRC_TOP10_20d
270639,2026-04-24,INTC,3,1,MLE_TOP10xIRC_TOP10_20d
271568,2026-04-24,MCHP,9,1,MLE_TOP10xIRC_TOP10_20d
8677881,2026-04-24,ON,1,1,MLE_TOP10xIRC_TOP10_20d
4391,2026-04-27,AMD,2,1,MLE_TOP10xIRC_TOP10_20d
9939,2026-04-27,MU,6,1,MLE_TOP10xIRC_TOP10_20d
13096,2026-04-27,TXN,4,1,MLE_TOP10xIRC_TOP10_20d
270639,2026-04-27,INTC,3,1,MLE_TOP10xIRC_TOP10_20d
271568,2026-04-27,MCHP,9,1,MLE_TOP10xIRC_TOP10_20d
8677881,2026-04-27,ON,1,1,MLE_TOP10xIRC_TOP10_20d
504546674,2026-04-27,HOOD,10,6,MLE_TOP10xIRC_TOP10_20d
4391,2026-04-28,AMD,4,1,MLE_TOP10xIRC_TOP10_20d
13096,2026-04-28,TXN,6,1,MLE_TOP10xIRC_TOP10_20d
270639,2026-04-28,INTC,2,1,MLE_TOP10xIRC_TOP10_20d
8677881,2026-04-28,ON,3,1,MLE_TOP10xIRC_TOP10_20d
4391,2026-04-29,AMD,5,1,MLE_TOP10xIRC_TOP10_20d
13096,2026-04-29,TXN,6,1,MLE_TOP10xIRC_TOP10_20d
270639,2026-04-29,INTC,1,1,MLE_TOP10xIRC_TOP10_20d
8677881,2026-04-29,ON,4,1,MLE_TOP10xIRC_TOP10_20d
72529783,2026-04-29,GNRC,9,3,MLE_TOP10xIRC_TOP10_20d
77791077,2026-04-29,NXPI,3,1,MLE_TOP10xIRC_TOP10_20d
4391,2026-04-30,AMD,5,1,MLE_TOP10xIRC_TOP10_20d
13096,2026-04-30,TXN,8,1,MLE_TOP10xIRC_TOP10_20d
270639,2026-04-30,INTC,1,1,MLE_TOP10xIRC_TOP10_20d
273544,2026-04-30,QCOM,4,1,MLE_TOP10xIRC_TOP10_20d
8677881,2026-04-30,ON,7,1,MLE_TOP10xIRC_TOP10_20d
72529783,2026-04-30,GNRC,9,3,MLE_TOP10xIRC_TOP10_20d
77791077,2026-04-30,NXPI,3,1,MLE_TOP10xIRC_TOP10_20d
491932113,2026-04-30,STX,6,10,MLE_TOP10xIRC_TOP10_20d
4391,2026-05-01,AMD,6,1,MLE_TOP10xIRC_TOP10_20d
13096,2026-05-01,TXN,9,1,MLE_TOP10xIRC_TOP10_20d
270639,2026-05-01,INTC,1,1,MLE_TOP10xIRC_TOP10_20d
273544,2026-05-01,QCOM,5,1,MLE_TOP10xIRC_TOP10_20d
8677881,2026-05-01,ON,7,1,MLE_TOP10xIRC_TOP10_20d
72529783,2026-05-01,GNRC,10,4,MLE_TOP10xIRC_TOP10_20d
77791077,2026-05-01,NXPI,3,1,MLE_TOP10xIRC_TOP10_20d
491932113,2026-05-01,STX,4,10,MLE_TOP10xIRC_TOP10_20d
4391,2026-05-04,AMD,7,1,MLE_TOP10xIRC_TOP10_20d
9939,2026-05-04,MU,5,1,MLE_TOP10xIRC_TOP10_20d
13096,2026-05-04,TXN,9,1,MLE_TOP10xIRC_TOP10_20d
270639,2026-05-04,INTC,1,1,MLE_TOP10xIRC_TOP10_20d
273544,2026-05-04,QCOM,8,1,MLE_TOP10xIRC_TOP10_20d
8677881,2026-05-04,ON,10,1,MLE_TOP10xIRC_TOP10_20d
77791077,2026-05-04,NXPI,4,1,MLE_TOP10xIRC_TOP10_20d
491932113,2026-05-04,STX,3,6,MLE_TOP10xIRC_TOP10_20d
4391,2026-05-05,AMD,8,1,MLE_TOP10xIRC_TOP10_20d
9939,2026-05-05,MU,2,1,MLE_TOP10xIRC_TOP10_20d
270639,2026-05-05,INTC,1,1,MLE_TOP10xIRC_TOP10_20d
271568,2026-05-05,MCHP,10,1,MLE_TOP10xIRC_TOP10_20d
273544,2026-05-05,QCOM,4,1,MLE_TOP10xIRC_TOP10_20d
72529783,2026-05-05,GNRC,9,5,MLE_TOP10xIRC_TOP10_20d
77791077,2026-05-05,NXPI,6,1,MLE_TOP10xIRC_TOP10_20d
491932113,2026-05-05,STX,3,4,MLE_TOP10xIRC_TOP10_20d
4391,2026-05-06,AMD,4,1,MLE_TOP10xIRC_TOP10_20d
9939,2026-05-06,MU,5,1,MLE_TOP10xIRC_TOP10_20d
270639,2026-05-06,INTC,1,1,MLE_TOP10xIRC_TOP10_20d
273544,2026-05-06,QCOM,3,1,MLE_TOP10xIRC_TOP10_20d
77791077,2026-05-06,NXPI,7,1,MLE_TOP10xIRC_TOP10_20d
491932113,2026-05-06,STX,6,4,MLE_TOP10xIRC_TOP10_20d
4391,2026-05-07,AMD,6,1,MLE_TOP10xIRC_TOP10_20d
9939,2026-05-07,MU,4,1,MLE_TOP10xIRC_TOP10_20d
270639,2026-05-07,INTC,1,1,MLE_TOP10xIRC_TOP10_20d
273544,2026-05-07,QCOM,2,1,MLE_TOP10xIRC_TOP10_20d
1035459,2026-05-07,DVA,9,9,MLE_TOP10xIRC_TOP10_20d
13878278,2026-05-07,CNC,5,9,MLE_TOP10xIRC_TOP10_20d
70236214,2026-05-07,FTNT,7,3,MLE_TOP10xIRC_TOP10_20d
383858515,2026-05-07,DDOG,3,6,MLE_TOP10xIRC_TOP10_20d
491932113,2026-05-07,STX,8,3,MLE_TOP10xIRC_TOP10_20d
731466419,2026-05-07,SMCI,10,3,MLE_TOP10xIRC_TOP10_20d
4391,2026-05-08,AMD,9,2,MLE_TOP10xIRC_TOP10_20d
9939,2026-05-08,MU,4,2,MLE_TOP10xIRC_TOP10_20d
270639,2026-05-08,INTC,3,2,MLE_TOP10xIRC_TOP10_20d
273544,2026-05-08,QCOM,5,2,MLE_TOP10xIRC_TOP10_20d
1035459,2026-05-08,DVA,10,7,MLE_TOP10xIRC_TOP10_20d
6220356,2026-05-08,AKAM,1,6,MLE_TOP10xIRC_TOP10_20d
13878278,2026-05-08,CNC,7,7,MLE_TOP10xIRC_TOP10_20d
70236214,2026-05-08,FTNT,6,1,MLE_TOP10xIRC_TOP10_20d
383858515,2026-05-08,DDOG,2,6,MLE_TOP10xIRC_TOP10_20d
491932113,2026-05-08,STX,8,1,MLE_TOP10xIRC_TOP10_20d
4391,2026-05-11,AMD,7,1,MLE_TOP10xIRC_TOP10_20d
9939,2026-05-11,MU,5,1,MLE_TOP10xIRC_TOP10_20d
270639,2026-05-11,INTC,4,1,MLE_TOP10xIRC_TOP10_20d
273544,2026-05-11,QCOM,2,1,MLE_TOP10xIRC_TOP10_20d
70236214,2026-05-11,FTNT,8,2,MLE_TOP10xIRC_TOP10_20d
491932113,2026-05-11,STX,6,2,MLE_TOP10xIRC_TOP10_20d
4391,2026-05-12,AMD,7,1,MLE_TOP10xIRC_TOP10_20d
9939,2026-05-12,MU,2,1,MLE_TOP10xIRC_TOP10_20d
270639,2026-05-12,INTC,4,1,MLE_TOP10xIRC_TOP10_20d
273544,2026-05-12,QCOM,5,1,MLE_TOP10xIRC_TOP10_20d
1035459,2026-05-12,DVA,8,8,MLE_TOP10xIRC_TOP10_20d
70236214,2026-05-12,FTNT,9,2,MLE_TOP10xIRC_TOP10_20d
491932113,2026-05-12,STX,6,2,MLE_TOP10xIRC_TOP10_20d
4391,2026-05-13,AMD,8,1,MLE_TOP10xIRC_TOP10_20d
9939,2026-05-13,MU,2,1,MLE_TOP10xIRC_TOP10_20d
273544,2026-05-13,QCOM,5,1,MLE_TOP10xIRC_TOP10_20d
1035459,2026-05-13,DVA,9,9,MLE_TOP10xIRC_TOP10_20d
70236214,2026-05-13,FTNT,4,2,MLE_TOP10xIRC_TOP10_20d
491932113,2026-05-13,STX,10,2,MLE_TOP10xIRC_TOP10_20d
4391,2026-05-14,AMD,8,1,MLE_TOP10xIRC_TOP10_20d
9939,2026-05-14,MU,3,1,MLE_TOP10xIRC_TOP10_20d
70236214,2026-05-14,FTNT,4,6,MLE_TOP10xIRC_TOP10_20d
370757467,2026-05-14,CRWD,6,6,MLE_TOP10xIRC_TOP10_20d
9939,2026-05-15,MU,5,2,MLE_TOP10xIRC_TOP10_20d
70236214,2026-05-15,FTNT,3,7,MLE_TOP10xIRC_TOP10_20d
370757467,2026-05-15,CRWD,8,7,MLE_TOP10xIRC_TOP10_20d
4391,2026-05-18,AMD,10,2,MLE_TOP10xIRC_TOP10_20d
70236214,2026-05-18,FTNT,3,7,MLE_TOP10xIRC_TOP10_20d
370757467,2026-05-18,CRWD,5,7,MLE_TOP10xIRC_TOP10_20d
268084,2026-05-19,CSCO,8,8,MLE_TOP10xIRC_TOP10_20d
70236214,2026-05-19,FTNT,2,6,MLE_TOP10xIRC_TOP10_20d
370757467,2026-05-19,CRWD,5,6,MLE_TOP10xIRC_TOP10_20d
70236214,2026-05-20,FTNT,2,4,MLE_TOP10xIRC_TOP10_20d
370757467,2026-05-20,CRWD,3,4,MLE_TOP10xIRC_TOP10_20d
8251,2026-05-21,HUM,6,9,MLE_TOP10xIRC_TOP10_20d
9939,2026-05-21,MU,10,2,MLE_TOP10xIRC_TOP10_20d
268084,2026-05-21,CSCO,2,10,MLE_TOP10xIRC_TOP10_20d
70236214,2026-05-21,FTNT,7,1,MLE_TOP10xIRC_TOP10_20d
110619459,2026-05-21,PANW,1,6,MLE_TOP10xIRC_TOP10_20d
370757467,2026-05-21,CRWD,3,1,MLE_TOP10xIRC_TOP10_20d
390332324,2026-05-21,GEN,5,6,MLE_TOP10xIRC_TOP10_20d
268084,2026-05-22,CSCO,3,6,MLE_TOP10xIRC_TOP10_20d
4726021,2026-05-22,SWKS,4,2,MLE_TOP10xIRC_TOP10_20d
49921110,2026-05-22,NTAP,8,1,MLE_TOP10xIRC_TOP10_20d
70236214,2026-05-22,FTNT,9,1,MLE_TOP10xIRC_TOP10_20d
209411798,2026-05-22,HPE,6,1,MLE_TOP10xIRC_TOP10_20d
370757467,2026-05-22,CRWD,1,1,MLE_TOP10xIRC_TOP10_20d
268084,2026-05-26,CSCO,7,9,MLE_TOP10xIRC_TOP10_20d
4726021,2026-05-26,SWKS,8,2,MLE_TOP10xIRC_TOP10_20d
8677881,2026-05-26,ON,9,2,MLE_TOP10xIRC_TOP10_20d
49921110,2026-05-26,NTAP,10,1,MLE_TOP10xIRC_TOP10_20d
209411798,2026-05-26,HPE,4,1,MLE_TOP10xIRC_TOP10_20d
346218218,2026-05-26,DELL,3,1,MLE_TOP10xIRC_TOP10_20d
370757467,2026-05-26,CRWD,2,1,MLE_TOP10xIRC_TOP10_20d
9939,2026-05-27,MU,5,3,MLE_TOP10xIRC_TOP10_20d
8677881,2026-05-27,ON,10,3,MLE_TOP10xIRC_TOP10_20d
9599491,2026-05-27,F,1,5,MLE_TOP10xIRC_TOP10_20d
49921110,2026-05-27,NTAP,4,1,MLE_TOP10xIRC_TOP10_20d
209411798,2026-05-27,HPE,3,1,MLE_TOP10xIRC_TOP10_20d
209411801,2026-05-27,HPQ,6,1,MLE_TOP10xIRC_TOP10_20d
346218218,2026-05-27,DELL,2,1,MLE_TOP10xIRC_TOP10_20d
8314,2026-05-28,IBM,9,2,MLE_TOP10xIRC_TOP10_20d
9599491,2026-05-28,F,10,4,MLE_TOP10xIRC_TOP10_20d
346218218,2026-05-28,DELL,4,2,MLE_TOP10xIRC_TOP10_20d
481863646,2026-05-28,APP,2,10,MLE_TOP10xIRC_TOP10_20d
731466419,2026-05-28,SMCI,6,2,MLE_TOP10xIRC_TOP10_20d
8314,2026-05-29,IBM,6,1,MLE_TOP10xIRC_TOP10_20d
49921110,2026-05-29,NTAP,2,1,MLE_TOP10xIRC_TOP10_20d
109911821,2026-05-29,NOW,5,6,MLE_TOP10xIRC_TOP10_20d
209411801,2026-05-29,HPQ,8,1,MLE_TOP10xIRC_TOP10_20d
346218218,2026-05-29,DELL,1,1,MLE_TOP10xIRC_TOP10_20d
731466419,2026-05-29,SMCI,3,1,MLE_TOP10xIRC_TOP10_20d
8314,2026-06-01,IBM,4,1,MLE_TOP10xIRC_TOP10_20d
9560,2026-06-01,MGM,10,7,MLE_TOP10xIRC_TOP10_20d
9939,2026-06-01,MU,6,3,MLE_TOP10xIRC_TOP10_20d
49921110,2026-06-01,NTAP,3,1,MLE_TOP10xIRC_TOP10_20d
109911821,2026-06-01,NOW,5,4,MLE_TOP10xIRC_TOP10_20d
209411798,2026-06-01,HPE,7,1,MLE_TOP10xIRC_TOP10_20d
209411801,2026-06-01,HPQ,8,1,MLE_TOP10xIRC_TOP10_20d
346218218,2026-06-01,DELL,1,1,MLE_TOP10xIRC_TOP10_20d
731466419,2026-06-01,SMCI,2,1,MLE_TOP10xIRC_TOP10_20d
8314,2026-06-02,IBM,5,1,MLE_TOP10xIRC_TOP10_20d
9939,2026-06-02,MU,4,3,MLE_TOP10xIRC_TOP10_20d
272800,2026-06-02,ORCL,10,8,MLE_TOP10xIRC_TOP10_20d
49921110,2026-06-02,NTAP,6,1,MLE_TOP10xIRC_TOP10_20d
209411798,2026-06-02,HPE,2,1,MLE_TOP10xIRC_TOP10_20d
346218218,2026-06-02,DELL,1,1,MLE_TOP10xIRC_TOP10_20d
731466419,2026-06-02,SMCI,3,1,MLE_TOP10xIRC_TOP10_20d
8314,2026-06-03,IBM,8,1,MLE_TOP10xIRC_TOP10_20d
9560,2026-06-03,MGM,9,6,MLE_TOP10xIRC_TOP10_20d
9939,2026-06-03,MU,4,2,MLE_TOP10xIRC_TOP10_20d
49921110,2026-06-03,NTAP,5,1,MLE_TOP10xIRC_TOP10_20d
209411798,2026-06-03,HPE,2,1,MLE_TOP10xIRC_TOP10_20d
346218218,2026-06-03,DELL,1,1,MLE_TOP10xIRC_TOP10_20d
731466419,2026-06-03,SMCI,3,1,MLE_TOP10xIRC_TOP10_20d
8314,2026-06-04,IBM,6,1,MLE_TOP10xIRC_TOP10_20d
9560,2026-06-04,MGM,9,5,MLE_TOP10xIRC_TOP10_20d
9939,2026-06-04,MU,5,2,MLE_TOP10xIRC_TOP10_20d
49921110,2026-06-04,NTAP,3,1,MLE_TOP10xIRC_TOP10_20d
209411798,2026-06-04,HPE,2,1,MLE_TOP10xIRC_TOP10_20d
346218218,2026-06-04,DELL,1,1,MLE_TOP10xIRC_TOP10_20d
731466419,2026-06-04,SMCI,4,1,MLE_TOP10xIRC_TOP10_20d
9560,2026-06-05,MGM,4,3,MLE_TOP10xIRC_TOP10_20d
1715006,2026-06-05,A,10,8,MLE_TOP10xIRC_TOP10_20d
49921110,2026-06-05,NTAP,3,1,MLE_TOP10xIRC_TOP10_20d
209411798,2026-06-05,HPE,2,1,MLE_TOP10xIRC_TOP10_20d
346218218,2026-06-05,DELL,1,1,MLE_TOP10xIRC_TOP10_20d
731466419,2026-06-05,SMCI,7,1,MLE_TOP10xIRC_TOP10_20d
9560,2026-06-08,MGM,5,2,MLE_TOP10xIRC_TOP10_20d
49921110,2026-06-08,NTAP,6,1,MLE_TOP10xIRC_TOP10_20d
209411798,2026-06-08,HPE,2,1,MLE_TOP10xIRC_TOP10_20d
346218218,2026-06-08,DELL,1,1,MLE_TOP10xIRC_TOP10_20d
731466419,2026-06-08,SMCI,4,1,MLE_TOP10xIRC_TOP10_20d
8251,2026-06-09,HUM,6,8,MLE_TOP10xIRC_TOP10_20d
9560,2026-06-09,MGM,4,5,MLE_TOP10xIRC_TOP10_20d
1715006,2026-06-09,A,10,3,MLE_TOP10xIRC_TOP10_20d
2730877,2026-06-09,CRL,5,8,MLE_TOP10xIRC_TOP10_20d
49921110,2026-06-09,NTAP,9,6,MLE_TOP10xIRC_TOP10_20d
209411798,2026-06-09,HPE,1,6,MLE_TOP10xIRC_TOP10_20d
346218218,2026-06-09,DELL,2,6,MLE_TOP10xIRC_TOP10_20d
1715006,2026-06-10,A,10,8,MLE_TOP10xIRC_TOP10_20d
272667,2026-06-11,ODFL,9,8,MLE_TOP10xIRC_TOP10_20d
49921110,2026-06-11,NTAP,8,7,MLE_TOP10xIRC_TOP10_20d
209411798,2026-06-11,HPE,4,7,MLE_TOP10xIRC_TOP10_20d
346218218,2026-06-11,DELL,2,7,MLE_TOP10xIRC_TOP10_20d
8251,2026-06-12,HUM,2,10,MLE_TOP10xIRC_TOP10_20d
9560,2026-06-12,MGM,8,5,MLE_TOP10xIRC_TOP10_20d
209411798,2026-06-12,HPE,10,4,MLE_TOP10xIRC_TOP10_20d
12729,2026-06-15,TER,4,8,MLE_TOP10xIRC_TOP10_20d
13681,2026-06-15,WDC,3,4,MLE_TOP10xIRC_TOP10_20d
266093,2026-06-15,AMAT,1,8,MLE_TOP10xIRC_TOP10_20d
270639,2026-06-15,INTC,6,8,MLE_TOP10xIRC_TOP10_20d
732440574,2026-06-15,LRCX,2,8,MLE_TOP10xIRC_TOP10_20d
13681,2026-06-16,WDC,3,7,MLE_TOP10xIRC_TOP10_20d
9282,2026-06-17,LUV,6,2,MLE_TOP10xIRC_TOP10_20d
13681,2026-06-17,WDC,3,6,MLE_TOP10xIRC_TOP10_20d
491932113,2026-06-17,STX,10,6,MLE_TOP10xIRC_TOP10_20d
9282,2026-06-18,LUV,6,2,MLE_TOP10xIRC_TOP10_20d
266093,2026-06-18,AMAT,3,5,MLE_TOP10xIRC_TOP10_20d
270639,2026-06-18,INTC,5,5,MLE_TOP10xIRC_TOP10_20d
691984365,2026-06-18,GEV,10,8,MLE_TOP10xIRC_TOP10_20d
732440574,2026-06-18,LRCX,7,5,MLE_TOP10xIRC_TOP10_20d
9939,2026-06-22,MU,4,4,MLE_TOP10xIRC_TOP10_20d
12729,2026-06-22,TER,8,4,MLE_TOP10xIRC_TOP10_20d
266093,2026-06-22,AMAT,3,4,MLE_TOP10xIRC_TOP10_20d
270639,2026-06-22,INTC,2,4,MLE_TOP10xIRC_TOP10_20d
691984365,2026-06-22,GEV,10,5,MLE_TOP10xIRC_TOP10_20d
732440574,2026-06-22,LRCX,5,4,MLE_TOP10xIRC_TOP10_20d
5052,2026-06-23,BALL,9,5,MLE_TOP10xIRC_TOP10_20d
9282,2026-06-23,LUV,4,1,MLE_TOP10xIRC_TOP10_20d
79498203,2026-06-23,UAL,8,1,MLE_TOP10xIRC_TOP10_20d
9282,2026-06-24,LUV,7,1,MLE_TOP10xIRC_TOP10_20d
79498203,2026-06-24,UAL,5,1,MLE_TOP10xIRC_TOP10_20d
9282,2026-06-25,LUV,7,1,MLE_TOP10xIRC_TOP10_20d
79498203,2026-06-25,UAL,5,1,MLE_TOP10xIRC_TOP10_20d
9282,2026-06-26,LUV,7,1,MLE_TOP10xIRC_TOP10_20d
79498203,2026-06-26,UAL,4,1,MLE_TOP10xIRC_TOP10_20d
344809106,2026-06-26,MRNA,1,7,MLE_TOP10xIRC_TOP10_20d
9282,2026-06-27,LUV,7,1,MLE_TOP10xIRC_TOP10_20d
79498203,2026-06-27,UAL,4,1,MLE_TOP10xIRC_TOP10_20d
344809106,2026-06-27,MRNA,1,7,MLE_TOP10xIRC_TOP10_20d
